entity,entry_id,category,source,obtainable
mount,6,Racial,Human,true
mount,7,,,true
mount,8,,,true
mount,9,Racial,Human,true
mount,11,Racial,Human,true
mount,12,,,true
mount,13,,,true
mount,14,Racial,Orc,true
mount,15,,,true
mount,16,Professions,Fishing,true
mount,17,Other,Warlock,true
mount,18,Racial,Human,true
mount,19,Racial,Orc,true
mount,20,Racial,Orc,true
mount,21,Racial,Dwarf,true
mount,22,,,true
mount,24,Racial,Dwarf,true
mount,25,Racial,Dwarf,true
mount,26,Racial,"Night Elf",true
mount,27,Racial,Troll,true
mount,28,,,true
mount,31,Racial,"Night Elf",true
mount,32,,,true
mount,34,Racial,"Night Elf",true
mount,35,,,true
mount,36,Racial,Troll,true
mount,38,Racial,Troll,true
mount,39,Racial,Gnome,true
mount,40,Racial,Gnome,true
mount,41,Other,Paladin,true
mount,42,Other,"Old School Ride",true
mount,43,,,true
mount,45,Other,"Old School Ride",true
mount,46,Other,"Old School Ride",true
mount,50,Other,"Old School Ride",true
mount,51,Other,"Old School Ride",true
mount,52,Other,"Old School Ride",true
mount,53,Other,"Old School Ride",true
mount,54,Other,"Old School Ride",true
mount,55,Classic,Reputation,true
mount,56,Other,"Old School Ride",true
mount,57,Racial,Gnome,true
mount,58,Racial,Gnome,true
mount,62,Other,"Old School Ride",true
mount,63,Other,"Old School Ride",true
mount,64,Other,"Old School Ride",true
mount,65,Racial,Undead,true
mount,66,Racial,Undead,true
mount,67,Racial,Undead,true
mount,68,Racial,Undead,true
mount,69,Classic,"Dungeon Drop",true
mount,70,,,true
mount,71,Racial,Tauren,true
mount,72,Racial,Tauren,true
mount,73,Other,"Old School Ride",true
mount,74,Other,"Old School Ride",true
mount,75,PVP,"Mark of Honor",true
mount,76,PVP,"Mark of Honor",true
mount,77,PVP,"Mark of Honor",true
mount,78,PVP,"Mark of Honor",true
mount,79,PVP,"Mark of Honor",true
mount,80,PVP,"Mark of Honor",true
mount,81,PVP,"Mark of Honor",true
mount,82,PVP,"Mark of Honor",true
mount,83,Other,Warlock,true
mount,84,Other,Paladin,true
mount,85,Racial,"Night Elf",true
mount,87,Racial,"Night Elf",true
mount,88,Racial,Gnome,true
mount,89,Racial,Gnome,true
mount,90,Racial,Gnome,true
mount,91,Racial,Human,true
mount,92,Racial,Human,true
mount,93,Racial,Human,true
mount,94,Racial,Dwarf,true
mount,95,Racial,Dwarf,true
mount,96,Racial,Dwarf,true
mount,97,Racial,Troll,true
mount,98,Racial,Troll,true
mount,99,Racial,Troll,true
mount,100,Racial,Undead,true
mount,101,Racial,Tauren,true
mount,102,Racial,Tauren,true
mount,103,Racial,Tauren,true
mount,104,Racial,Orc,true
mount,105,Racial,Orc,true
mount,106,Racial,Orc,true
mount,107,Racial,"Night Elf",true
mount,108,PVP,"Mark of Honor",true
mount,109,PVP,"Mark of Honor",true
mount,110,Other,BMAH,true
mount,111,Other,BMAH,true
mount,116,,,true
mount,117,Classic,"Raid Drop",true
mount,118,Classic,"Raid Drop",true
mount,119,Classic,"Raid Drop",true
mount,120,Classic,"Raid Drop",true
mount,121,,,true
mount,122,Other,"Feats of Strength",true
mount,123,,,true
mount,125,Professions,Fishing,true
mount,129,"The Burning Crusade",Vendor,true
mount,130,"The Burning Crusade",Vendor,true
mount,131,"The Burning Crusade",Vendor,true
mount,132,"The Burning Crusade",Vendor,true
mount,133,"The Burning Crusade",Vendor,true
mount,134,"The Burning Crusade",Vendor,true
mount,135,"The Burning Crusade",Vendor,true
mount,136,"The Burning Crusade",Vendor,true
mount,137,"The Burning Crusade",Vendor,true
mount,138,"The Burning Crusade",Vendor,true
mount,139,"The Burning Crusade",Vendor,true
mount,140,"The Burning Crusade",Vendor,true
mount,141,"The Burning Crusade",Vendor,true
mount,142,"The Burning Crusade",Vendor,true
mount,145,,,true
mount,146,Racial,"Blood Elf",true
mount,147,Racial,Draenei,true
mount,149,Other,Paladin,true
mount,150,Other,Paladin,true
mount,151,PVP,Halaa,true
mount,152,Racial,"Blood Elf",true
mount,153,"The Burning Crusade","Kurenai/The Mag'har",true
mount,154,"The Burning Crusade","Kurenai/The Mag'har",true
mount,155,"The Burning Crusade","Kurenai/The Mag'har",true
mount,156,"The Burning Crusade","Kurenai/The Mag'har",true
mount,157,Racial,"Blood Elf",true
mount,158,Racial,"Blood Elf",true
mount,159,Racial,"Blood Elf",true
mount,160,Racial,"Blood Elf",true
mount,161,Racial,"Blood Elf",true
mount,162,PVP,"Mark of Honor",true
mount,163,Racial,Draenei,true
mount,164,Racial,Draenei,true
mount,165,Racial,Draenei,true
mount,166,Racial,Draenei,true
mount,167,Racial,Draenei,true
mount,168,"The Burning Crusade","Raid Drop",true
mount,169,PVP,Gladiator,true
mount,170,"The Burning Crusade","Kurenai/The Mag'har",true
mount,171,PVP,Halaa,true
mount,172,"The Burning Crusade","Kurenai/The Mag'har",true
mount,173,"The Burning Crusade","Kurenai/The Mag'har",true
mount,174,"The Burning Crusade","Kurenai/The Mag'har",true
mount,176,"The Burning Crusade","Sha'tari Skyguard",true
mount,177,"The Burning Crusade","Sha'tari Skyguard",true
mount,178,"The Burning Crusade","Sha'tari Skyguard",true
mount,179,"The Burning Crusade","Sha'tari Skyguard",true
mount,180,"The Burning Crusade","Sha'tari Skyguard",true
mount,183,"The Burning Crusade","Raid Drop",true
mount,185,"The Burning Crusade","Dungeon Drop",true
mount,186,"The Burning Crusade",Netherwing,true
mount,187,"The Burning Crusade",Netherwing,true
mount,188,"The Burning Crusade",Netherwing,true
mount,189,"The Burning Crusade",Netherwing,true
mount,190,"The Burning Crusade",Netherwing,true
mount,191,"The Burning Crusade",Netherwing,true
mount,196,Promotion,"Trading Card Game / Auction House",true
mount,197,Promotion,"Trading Card Game / Auction House",true
mount,199,"The Burning Crusade","Raid Drop",true
mount,201,"World Events",Brewfest,true
mount,202,"World Events",Brewfest,true
mount,203,"The Burning Crusade","Cenarion Expedition",true
mount,204,Professions,Engineering,true
mount,205,Professions,Engineering,true
mount,206,,,true
mount,207,PVP,Gladiator,true
mount,211,Promotion,"Trading Card Game / Auction House",true
mount,212,Promotion,"Trading Card Game / Auction House",true
mount,213,"The Burning Crusade","Dungeon Drop",true
mount,219,"World Events","Hallow's End",true
mount,220,PVP,"Mark of Honor",true
mount,221,Other,"Death Knight",true
mount,222,,,true
mount,223,PVP,Gladiator,true
mount,224,"Past Limited Time","Trading Post Re-Releases",true
mount,225,,,true
mount,226,"World Events",Brewfest,true
mount,230,Promotion,"Trading Card Game / Auction House",true
mount,236,Other,"Death Knight",true
mount,237,"Wrath of the Lich King",Quest,true
mount,238,,,true
mount,240,Professions,Engineering,true
mount,241,PVP,Gladiator,true
mount,243,Promotion,Blizzcon,true
mount,246,"Wrath of the Lich King","Raid Drop",true
mount,247,"Wrath of the Lich King","Raid Drop",true
mount,248,"Wrath of the Lich King","Dungeon Drop",true
mount,249,"Wrath of the Lich King",Reputation,true
mount,250,"Wrath of the Lich King","Raid Drop",true
mount,251,,,true
mount,253,"Wrath of the Lich King","Raid Drop",true
mount,254,PVP,"Mark of Honor",true
mount,255,PVP,"Mark of Honor",true
mount,256,"Wrath of the Lich King",Vendor,true
mount,257,"Wrath of the Lich King",Vendor,true
mount,258,"Wrath of the Lich King",Reputation,true
mount,259,"Wrath of the Lich King",Reputation,true
mount,262,"Wrath of the Lich King",Achievement,true
mount,263,"Wrath of the Lich King",Achievement,true
mount,264,"Wrath of the Lich King","Dungeon Drop",true
mount,265,"Wrath of the Lich King","Rare Spawn",true
mount,266,Other,BMAH,true
mount,267,"World Events",Achievement,true
mount,268,Mounts,Collect,true
mount,269,"Wrath of the Lich King",Vendor,true
mount,270,"Wrath of the Lich King",Vendor,true
mount,271,PVP,Achievement,true
mount,272,PVP,Achievement,true
mount,273,,,true
mount,274,,,true
mount,275,Professions,Engineering,true
mount,276,"Wrath of the Lich King",Vendor,true
mount,277,"Wrath of the Lich King",Vendor,true
mount,278,"Wrath of the Lich King",Reputation,true
mount,279,Professions,Tailoring,true
mount,280,"Wrath of the Lich King",Vendor,true
mount,284,"Wrath of the Lich King",Vendor,true
mount,285,Professions,Tailoring,true
mount,286,"Wrath of the Lich King","Raid Drop",true
mount,287,"Wrath of the Lich King","Raid Drop",true
mount,288,"Wrath of the Lich King",Reputation,true
mount,289,"Wrath of the Lich King",Reputation,true
mount,291,Mounts,Collect,true
mount,292,Mounts,Collect,true
mount,293,"World Events",Anniversary,true
mount,294,"Wrath of the Lich King","Argent Tournament",true
mount,295,"Wrath of the Lich King","Argent Tournament",true
mount,296,"Wrath of the Lich King","Argent Tournament",true
mount,297,"Wrath of the Lich King","Argent Tournament",true
mount,298,"Wrath of the Lich King","Argent Tournament",true
mount,299,"Wrath of the Lich King","Argent Tournament",true
mount,300,"Wrath of the Lich King","Argent Tournament",true
mount,301,"Wrath of the Lich King","Argent Tournament",true
mount,302,"Wrath of the Lich King","Argent Tournament",true
mount,303,"Wrath of the Lich King","Argent Tournament",true
mount,304,"Wrath of the Lich King","Raid Drop",true
mount,305,"Wrath of the Lich King","Argent Tournament",true
mount,306,"Wrath of the Lich King",Achievement,true
mount,307,"Wrath of the Lich King",Achievement,true
mount,308,,,true
mount,309,Racial,Tauren,true
mount,310,Racial,Orc,true
mount,311,Classic,Reputation,true
mount,312,Professions,Fishing,true
mount,313,PVP,Gladiator,true
mount,314,Racial,Undead,true
mount,317,PVP,Gladiator,true
mount,318,"Wrath of the Lich King","Argent Tournament",true
mount,319,"Wrath of the Lich King","Argent Tournament",true
mount,320,"Wrath of the Lich King","Argent Tournament",true
mount,321,"Wrath of the Lich King","Argent Tournament",true
mount,322,"Wrath of the Lich King","Argent Tournament",true
mount,323,"Wrath of the Lich King","Argent Tournament",true
mount,324,"Wrath of the Lich King","Argent Tournament",true
mount,325,"Wrath of the Lich King","Argent Tournament",true
mount,326,"Wrath of the Lich King","Argent Tournament",true
mount,327,"Wrath of the Lich King","Argent Tournament",true
mount,328,Promotion,"Trading Card Game / Auction House",true
mount,329,"Wrath of the Lich King","Argent Tournament",true
mount,330,"Wrath of the Lich King","Argent Tournament",true
mount,331,"Wrath of the Lich King","Argent Tournament",true
mount,332,"Wrath of the Lich King","Argent Tournament",true
mount,333,,,true
mount,334,,,true
mount,335,,,true
mount,336,Racial,Undead,true
mount,337,Racial,"Night Elf",true
mount,338,Other,Paladin,true
mount,340,PVP,Gladiator,true
mount,341,"Wrath of the Lich King","Argent Tournament",true
mount,342,"Wrath of the Lich King",Achievement,true
mount,343,"Wrath of the Lich King",Achievement,true
mount,344,"Wrath of the Lich King",Achievement,true
mount,345,"Wrath of the Lich King",Achievement,true
mount,349,"Wrath of the Lich King","Raid Drop",true
mount,350,Other,Paladin,true
mount,351,Other,Paladin,true
mount,352,"World Events","Love is in the Air",true
mount,358,PVP,Gladiator,true
mount,363,"Wrath of the Lich King","Raid Drop",true
mount,364,"Wrath of the Lich King",Achievement,true
mount,365,"Wrath of the Lich King",Achievement,true
mount,366,"Wrath of the Lich King",Quest,true
mount,367,Other,Paladin,true
mount,368,Other,Paladin,true
mount,371,"Past Limited Time","Trading Post Re-Releases",true
mount,372,Promotion,"Trading Card Game / Auction House",true
mount,373,Cataclysm,Quest,true
mount,375,Professions,Tailoring,true
mount,376,"Past Limited Time","Trading Post Re-Releases",true
mount,382,"Past Limited Time","Trading Post Re-Releases",true
mount,386,Professions,Archaeology,true
mount,388,Racial,Goblin,true
mount,389,Racial,Goblin,true
mount,391,Cataclysm,Achievement,true
mount,392,Cataclysm,Achievement,true
mount,393,Cataclysm,"Rare Spawn",true
mount,394,Cataclysm,Reputation,true
mount,395,Cataclysm,"Dungeon Drop",true
mount,396,Cataclysm,"Raid Drop",true
mount,397,Cataclysm,"Dungeon Drop",true
mount,398,Cataclysm,Reputation,true
mount,399,Cataclysm,Reputation,true
mount,400,Cataclysm,"Rare Spawn",true
mount,401,Other,"Guild Vendor",true
mount,403,Other,"Guild Vendor",true
mount,404,Professions,Archaeology,true
mount,405,Cataclysm,Reputation,true
mount,406,Cataclysm,Reputation,true
mount,407,Professions,Alchemy,true
mount,408,Promotion,"Trading Card Game / Auction House",true
mount,409,Other,"Guild Vendor",true
mount,410,Cataclysm,"Dungeon Drop",true
mount,411,Cataclysm,"Dungeon Drop",true
mount,412,Promotion,"Trading Card Game / Auction House",true
mount,413,Cataclysm,Achievement,true
mount,415,Cataclysm,"Raid Drop",true
mount,416,Mounts,Collect,true
mount,417,Cataclysm,Achievement,true
mount,418,Promotion,"Trading Card Game / Auction House",true
mount,419,Cataclysm,"Dungeon Drop",true
mount,420,Cataclysm,"Rare Spawn",true
mount,421,Promotion,"Blizzard Store",true
mount,422,PVP,"Vicious Saddle",true
mount,423,PVP,"Vicious Saddle",true
mount,424,PVP,Gladiator,true
mount,425,Cataclysm,"Raid Drop",true
mount,426,Promotion,"Trading Card Game / Auction House",true
mount,428,PVP,Gladiator,true
mount,429,"World Events","Darkmoon Faire",true
mount,430,"World Events",Noblegarden,true
mount,431,"World Events","Love is in the Air",true
mount,432,Promotion,"Trading Card Game / Auction House",true
mount,433,Promotion,"Trading Card Game / Auction House",true
mount,434,"World Events","Darkmoon Faire",true
mount,435,Racial,Worgen,true
mount,436,Racial,Worgen,true
mount,439,"Past Limited Time","Trading Post Re-Releases",true
mount,440,"Past Limited Time","Trading Post Re-Releases",true
mount,441,"Past Limited Time","Trading Post Re-Releases",true
mount,442,Cataclysm,"Raid Drop",true
mount,443,Cataclysm,Achievement,true
mount,444,Cataclysm,"Raid Drop",true
mount,445,Cataclysm,"Raid Drop",true
mount,446,Promotion,"Blizzard Store",true
mount,447,Promotion,"Trading Card Game / Auction House",true
mount,448,"Mists of Pandaria","Order of the Cloud Serpent",true
mount,449,"Mists of Pandaria",Reputation,true
mount,450,"Mists of Pandaria",Achievement,true
mount,451,Professions,Jewelcrafting,true
mount,452,Racial,Pandaren,true
mount,453,Racial,Pandaren,true
mount,454,"Past Limited Time","Trading Post Re-Releases",true
mount,455,Promotion,Recruit-A-Friend,true
mount,456,Professions,Jewelcrafting,true
mount,457,Professions,Jewelcrafting,true
mount,458,Professions,Jewelcrafting,true
mount,459,Professions,Jewelcrafting,true
mount,460,"Mists of Pandaria","Kun-Lai Vendor",true
mount,462,"Past Limited Time","Remix: Pandaria",true
mount,463,"Mists of Pandaria",Reputation,true
mount,464,"Mists of Pandaria","Order of the Cloud Serpent",true
mount,465,"Mists of Pandaria","Order of the Cloud Serpent",true
mount,466,Other,"Guild Vendor",true
mount,467,PVP,Gladiator,true
mount,468,Promotion,"Blizzard Store",true
mount,469,Professions,Engineering,true
mount,470,Professions,Engineering,true
mount,471,"Mists of Pandaria",Quest,true
mount,472,"Mists of Pandaria",Achievement,true
mount,473,"Mists of Pandaria","World Boss",true
mount,474,"Mists of Pandaria",Achievement,true
mount,475,"Mists of Pandaria",Reputation,true
mount,476,"World Events",Timewalking,true
mount,477,Mounts,Collect,true
mount,478,"Mists of Pandaria","Raid Drop",true
mount,479,"Mists of Pandaria","Golden Lotus",true
mount,480,"Mists of Pandaria","Golden Lotus",true
mount,481,"Mists of Pandaria","Golden Lotus",true
mount,482,"Past Limited Time","Remix: Pandaria",true
mount,484,"Past Limited Time","Remix: Pandaria",true
mount,485,"Past Limited Time","Remix: Pandaria",true
mount,486,"Mists of Pandaria","Kun-Lai Vendor",true
mount,487,"Mists of Pandaria","Kun-Lai Vendor",true
mount,488,"Warlords of Draenor","Fishing Shack",true
mount,492,Racial,Pandaren,true
mount,493,Racial,Pandaren,true
mount,494,Racial,Pandaren,true
mount,495,Racial,Pandaren,true
mount,496,Racial,Pandaren,true
mount,497,Racial,Pandaren,true
mount,498,Racial,Pandaren,true
mount,499,Racial,Pandaren,true
mount,500,Racial,Pandaren,true
mount,501,Racial,Pandaren,true
mount,503,"Mists of Pandaria","Challenge Mode",true
mount,504,"Mists of Pandaria",Reputation,true
mount,505,"Mists of Pandaria",Shado-Pan,true
mount,506,"Mists of Pandaria",Shado-Pan,true
mount,507,"Mists of Pandaria",Shado-Pan,true
mount,508,"Mists of Pandaria","The Tillers",true
mount,509,"Mists of Pandaria",Reputation,true
mount,510,"Mists of Pandaria","The Tillers",true
mount,511,"Mists of Pandaria","The Tillers",true
mount,515,"Mists of Pandaria","World Boss",true
mount,516,"Mists of Pandaria",Achievement,true
mount,517,"Mists of Pandaria","Rare Spawn",true
mount,518,"Mists of Pandaria","Challenge Mode",true
mount,519,"Mists of Pandaria","Challenge Mode",true
mount,520,"Mists of Pandaria","Challenge Mode",true
mount,521,Mounts,Collect,true
mount,522,Professions,Engineering,true
mount,523,Promotion,"Blizzard Store",true
mount,526,"Mists of Pandaria",Reputation,true
mount,527,"Mists of Pandaria",Reputation,true
mount,528,"Mists of Pandaria",Quest,true
mount,529,"Mists of Pandaria",Quest,true
mount,530,"Mists of Pandaria",Achievement,true
mount,531,"Mists of Pandaria","Raid Drop",true
mount,532,Promotion,"Trading Card Game / Auction House",true
mount,533,"Mists of Pandaria","World Boss",true
mount,534,"Mists of Pandaria","Rare Spawn",true
mount,535,"Mists of Pandaria","Rare Spawn",true
mount,536,"Mists of Pandaria","Rare Spawn",true
mount,537,"Mists of Pandaria",Quest,true
mount,538,"Mists of Pandaria","Primal Eggs",true
mount,539,"Mists of Pandaria","Primal Eggs",true
mount,540,"Mists of Pandaria","Primal Eggs",true
mount,541,PVP,Gladiator,true
mount,542,"Mists of Pandaria","World Boss",true
mount,543,"Mists of Pandaria","Raid Drop",true
mount,544,Promotion,"Blizzard Store",true
mount,545,"Mists of Pandaria",Reputation,true
mount,546,"Mists of Pandaria",Reputation,true
mount,547,Promotion,Hearthstone,true
mount,548,Mounts,Collect,true
mount,549,Mounts,Collect,true
mount,550,"World Events","Brawler's Guild",true
mount,551,Promotion,"Blizzard Store",true
mount,552,"World Events",Timewalking,true
mount,554,PVP,"Vicious Saddle",true
mount,555,PVP,"Vicious Saddle",true
mount,557,"Mists of Pandaria",Achievement,true
mount,558,"Mists of Pandaria","Raid Drop",true
mount,559,"Mists of Pandaria","Raid Drop",true
mount,560,PVP,"Timeless Isle",true
mount,561,"Mists of Pandaria","Rare Spawn",true
mount,562,PVP,Gladiator,true
mount,563,PVP,Gladiator,true
mount,564,PVP,Gladiator,true
mount,568,Promotion,Recruit-A-Friend,true
mount,571,Promotion,"Blizzard Store",true
mount,593,"Past Limited Time","Trading Post Re-Releases",true
mount,594,Promotion,"Blizzard Store",true
mount,600,Promotion,"Blizzard Store",true
mount,603,Professions,Tailoring,true
mount,606,Other,BMAH,true
mount,607,"Warlords of Draenor",Achievement,true
mount,608,"Warlords of Draenor",Vendor,true
mount,609,"Warlords of Draenor",Stables,true
mount,611,"Warlords of Draenor","Rare Spawn",true
mount,612,"Warlords of Draenor","Rare Spawn",true
mount,613,"Warlords of Draenor","Raid Drop",true
mount,614,"Warlords of Draenor","Rare Spawn",true
mount,615,"Warlords of Draenor",Stables,true
mount,616,"Warlords of Draenor",Garrison,true
mount,617,"Warlords of Draenor",Reputation,true
mount,618,"Warlords of Draenor","Trading Post",true
mount,619,Other,"Guild Vendor",true
mount,620,"Warlords of Draenor",Vendor,true
mount,621,"Warlords of Draenor",Stables,true
mount,622,"Warlords of Draenor","Rare Spawn",true
mount,623,"Warlords of Draenor",Achievement,true
mount,624,"Warlords of Draenor",Reputation,true
mount,625,"Warlords of Draenor",Reputation,true
mount,626,"Warlords of Draenor",Garrison,true
mount,627,"Warlords of Draenor","Rare Spawn",true
mount,628,"Warlords of Draenor",Stables,true
mount,629,"Warlords of Draenor",Stables,true
mount,630,"Warlords of Draenor","Rare Spawn",true
mount,631,"Warlords of Draenor",Missions,true
mount,632,"Warlords of Draenor",Vendor,true
mount,633,Legion,"Raid Drop",true
mount,634,"Warlords of Draenor","World Boss",true
mount,635,"Warlords of Draenor",Reputation,true
mount,636,"Warlords of Draenor","Rare Spawn",true
mount,637,"Warlords of Draenor",Stables,true
mount,638,PVP,Ashran,true
mount,639,PVP,Ashran,true
mount,640,PVP,"Vicious Saddle",true
mount,641,PVP,"Vicious Saddle",true
mount,642,"Warlords of Draenor",Garrison,true
mount,643,"Warlords of Draenor","Rare Spawn",true
mount,644,"Warlords of Draenor",Stables,true
mount,645,"Warlords of Draenor","Trading Post",true
mount,646,"Past Limited Time","Trading Post Originals",true
mount,647,"Warlords of Draenor",Stables,true
mount,648,"Warlords of Draenor",Reputation,true
mount,649,"Warlords of Draenor",Garrison,true
mount,650,Professions,Leatherworking,true
mount,651,Promotion,"Azeroth Choppers",true
mount,652,Promotion,"Azeroth Choppers",true
mount,654,"Warlords of Draenor",Achievement,true
mount,655,"Warlords of Draenor","Rare Spawn",true
mount,656,Legion,Quest,true
mount,657,"Warlords of Draenor","Rare Spawn",true
mount,663,Legion,Vendor,true
mount,664,Mounts,Collect,true
mount,678,Mounts,Heirlooms,true
mount,679,Mounts,Heirlooms,true
mount,682,"Warlords of Draenor","Rare Spawn",true
mount,741,Promotion,"Blizzard Store",true
mount,751,"Warlords of Draenor","Raid Drop",true
mount,753,"Warlords of Draenor",Reputation,true
mount,755,PVP,"Vicious Saddle",true
mount,756,PVP,"Vicious Saddle",true
mount,758,"Warlords of Draenor",Achievement,true
mount,759,PVP,Gladiator,true
mount,760,PVP,Gladiator,true
mount,761,PVP,Gladiator,true
mount,762,"Warlords of Draenor",Missions,true
mount,763,Promotion,"Collector's Edition",true
mount,764,"Warlords of Draenor","Raid Drop",true
mount,765,"Warlords of Draenor",Reputation,true
mount,768,"Warlords of Draenor",Reputation,true
mount,769,"World Events","Winter Veil",true
mount,772,"Warlords of Draenor",Achievement,true
mount,773,Legion,Achievement,true
mount,775,Legion,Achievement,true
mount,776,,,true
mount,778,"World Events",Timewalking,true
mount,779,Professions,Archaeology,true
mount,780,Other,"Demon Hunter",true
mount,781,"World Events",Timewalking,true
mount,784,Legion,Achievement,true
mount,791,Legion,"Raid Drop",true
mount,793,Legion,Quest,true
mount,794,Legion,Quest,true
mount,795,Legion,Quest,true
mount,796,Legion,Quest,true
mount,797,Professions,Blacksmith,true
mount,799,,,true
mount,800,Legion,Reputation,true
mount,802,Legion,"Rare Spawn",true
mount,803,Shadowlands,"Venthyr Rare Spawn",true
mount,804,Legion,Achievement,true
mount,826,PVP,Honor,true
mount,831,PVP,Honor,true
mount,832,PVP,Honor,true
mount,833,PVP,Honor,true
mount,834,PVP,Honor,true
mount,836,PVP,Honor,true
mount,838,Legion,Riddle,true
mount,841,PVP,"Vicious Saddle",true
mount,842,PVP,"Vicious Saddle",true
mount,843,PVP,"Vicious Saddle",true
mount,844,PVP,"Vicious Saddle",true
mount,845,Mounts,Toys,true
mount,846,Legion,Achievement,true
mount,847,Legion,Vendor,true
mount,848,PVP,Gladiator,true
mount,849,PVP,Gladiator,true
mount,850,PVP,Gladiator,true
mount,851,PVP,Gladiator,true
mount,852,PVP,Gladiator,true
mount,853,PVP,Gladiator,true
mount,854,Professions,Leatherworking,true
mount,855,"World Events","Darkmoon Faire",true
mount,860,Legion,"Class Hall",true
mount,861,Legion,"Class Hall",true
mount,864,Legion,"Class Hall",true
mount,865,Legion,"Class Hall",true
mount,866,Legion,"Class Hall",true
mount,867,Legion,"Class Hall",true
mount,868,Legion,"Class Hall",true
mount,870,Legion,"Class Hall",true
mount,872,Legion,"Class Hall",true
mount,873,PVP,"Vicious Saddle",true
mount,874,PVP,"Vicious Saddle",true
mount,875,Legion,"Dungeon Drop",true
mount,876,PVP,"Vicious Saddle",true
mount,877,PVP,"Talon's Vengeance",true
mount,878,"World Events","Brawler's Guild",true
mount,881,Legion,Quest,true
mount,882,PVP,"Vicious Saddle",true
mount,883,Legion,"Dungeon Drop",true
mount,884,Legion,"Class Hall",true
mount,885,Legion,"Class Hall",true
mount,888,Legion,"Class Hall",true
mount,889,Legion,"Class Hall",true
mount,890,Legion,"Class Hall",true
mount,891,Legion,"Class Hall",true
mount,892,Legion,"Class Hall",true
mount,893,Legion,"Class Hall",true
mount,894,Legion,"Class Hall",true
mount,896,Promotion,HotS,true
mount,898,Legion,"Class Hall",true
mount,899,Legion,"Raid Drop",true
mount,900,PVP,"Vicious Saddle",true
mount,901,PVP,"Vicious Saddle",true
mount,905,Legion,"Paragon Reputation",true
mount,906,Legion,"Rare Spawn",true
mount,926,"Battle for Azeroth",Reputation,true
mount,928,"Battle for Azeroth","Zone Drop",true
mount,930,Legion,"Class Hall",true
mount,931,Legion,"Class Hall",true
mount,932,Legion,Reputation,true
mount,933,"Battle for Azeroth",Achievement,true
mount,934,,,true
mount,935,,,true
mount,936,,,true
mount,937,Other,"Feats of Strength",true
mount,939,Legion,Reputation,true
mount,941,Legion,"Paragon Reputation",true
mount,942,Legion,"Paragon Reputation",true
mount,943,Legion,"Paragon Reputation",true
mount,944,Legion,"Paragon Reputation",true
mount,945,PVP,"Vicious Saddle",true
mount,946,PVP,"Vicious Saddle",true
mount,947,Legion,Riddle,true
mount,948,PVP,Gladiator,true
mount,949,Promotion,"Blizzard Store",true
mount,954,Legion,"Raid Drop",true
mount,955,Legion,"Rare Spawn",true
mount,956,"Battle for Azeroth","Zone Drop",true
mount,958,"Battle for Azeroth",Reputation,true
mount,959,Promotion,Blizzcon,true
mount,960,Promotion,Blizzcon,true
mount,961,Legion,Riddle,true
mount,962,"World Events","Darkmoon Faire",true
mount,963,"Battle for Azeroth",Achievement,true
mount,964,Legion,Reputation,true
mount,965,Legion,Reputation,true
mount,966,Legion,Reputation,true
mount,967,Legion,Reputation,true
mount,968,Legion,Reputation,true
mount,970,Legion,"Rare Spawn",true
mount,971,Legion,"Raid Drop",true
mount,972,Legion,Achievement,true
mount,973,Legion,"Rare Spawn",true
mount,974,Legion,"Rare Spawn",true
mount,975,Legion,"Rare Spawn",true
mount,976,Legion,"Rare Spawn",true
mount,978,Legion,"Raid Drop",true
mount,979,Legion,"Rare Spawn",true
mount,980,Legion,"Rare Spawn",true
mount,981,Legion,"Rare Spawn",true
mount,982,Professions,Fishing,true
mount,983,Legion,"Paragon Reputation",true
mount,984,Legion,"Paragon Reputation",true
mount,985,Legion,"Paragon Reputation",true
mount,986,Legion,Achievement,true
mount,993,"Battle for Azeroth","Island Expedition",true
mount,994,"Past Limited Time",Plunderstorm,true
mount,995,"Battle for Azeroth","Dungeon Drop",true
mount,996,Promotion,"Collector's Edition",true
mount,997,Promotion,"Collector's Edition",true
mount,999,Professions,Engineering,true
mount,1006,"Battle for Azeroth","Allied Races",true
mount,1007,"Battle for Azeroth","Allied Races",true
mount,1008,"Battle for Azeroth","Allied Races",true
mount,1009,"Battle for Azeroth","Allied Races",true
mount,1010,"Battle for Azeroth",Reputation,true
mount,1011,Promotion,"Blizzard Store",true
mount,1012,"Battle for Azeroth",Vendor,true
mount,1013,"Battle for Azeroth",Quest,true
mount,1015,"Battle for Azeroth",Reputation,true
mount,1016,"Battle for Azeroth",Reputation,true
mount,1018,"Battle for Azeroth","Zone Drop",true
mount,1019,"Battle for Azeroth","Zone Drop",true
mount,1025,"Battle for Azeroth",Riddle,true
mount,1026,PVP,"Vicious Saddle",true
mount,1027,PVP,"Vicious Saddle",true
mount,1028,Professions,Engineering,true
mount,1030,PVP,Gladiator,true
mount,1031,PVP,Gladiator,true
mount,1032,PVP,Gladiator,true
mount,1035,PVP,Gladiator,true
mount,1038,"Battle for Azeroth","Allied Races",true
mount,1039,Other,BMAH,true
mount,1040,"Battle for Azeroth","Dungeon Drop",true
mount,1042,"Battle for Azeroth",Dubloons,true
mount,1043,"Battle for Azeroth","Daily Activities",true
mount,1044,"Battle for Azeroth","Allied Races",true
mount,1045,PVP,"Vicious Saddle",true
mount,1046,Other,Paladin,true
mount,1047,Other,Paladin,true
mount,1048,"Battle for Azeroth","Allied Races",true
mount,1049,"Battle for Azeroth","Pre-Launch Event",true
mount,1050,PVP,"Vicious Saddle",true
mount,1051,"Past Limited Time","Trading Post Re-Releases",true
mount,1053,"Battle for Azeroth","Dungeon Drop",true
mount,1054,"Battle for Azeroth","Pre-Launch Event",true
mount,1057,"Battle for Azeroth","Rare Spawn",true
mount,1058,"Battle for Azeroth",Reputation,true
mount,1059,"Battle for Azeroth",Reputation,true
mount,1060,"Battle for Azeroth",Reputation,true
mount,1061,"Battle for Azeroth",Reputation,true
mount,1062,"Battle for Azeroth",Reputation,true
mount,1063,"Battle for Azeroth",Reputation,true
mount,1064,"Battle for Azeroth",Reputation,true
mount,1166,Professions,Fishing,true
mount,1167,Mounts,Collect,true
mount,1168,Promotion,Hearthstone,true
mount,1169,"Battle for Azeroth","Island Expedition",true
mount,1172,PVP,Achievement,true
mount,1173,"Battle for Azeroth","Warfront: Arathi",true
mount,1174,"Battle for Azeroth","Warfront: Arathi",true
mount,1175,"Battle for Azeroth","Island Expedition",true
mount,1176,"Battle for Azeroth","Island Expedition",true
mount,1178,"Battle for Azeroth","Island Expedition",true
mount,1179,"Battle for Azeroth",Vendor,true
mount,1180,"Battle for Azeroth","Warfront: Arathi",true
mount,1182,"Battle for Azeroth","Warfront: Arathi",true
mount,1183,"Battle for Azeroth","Warfront: Arathi",true
mount,1185,"Battle for Azeroth","Warfront: Arathi",true
mount,1190,Mounts,Reputations,true
mount,1191,Mounts,Collect,true
mount,1192,PVP,Honor,true
mount,1193,Promotion,"Warcraft III Reforged",true
mount,1194,PVP,"Vicious Saddle",true
mount,1195,PVP,"Vicious Saddle",true
mount,1196,PVP,"Vicious Saddle",true
mount,1197,PVP,"Vicious Saddle",true
mount,1198,"Battle for Azeroth","Allied Races",true
mount,1199,"Battle for Azeroth","Warfront: Darkshore",true
mount,1200,"Battle for Azeroth","Warfront: Darkshore",true
mount,1201,"Battle for Azeroth","Rare Spawn",true
mount,1203,"Battle for Azeroth","Warfront: Darkshore",true
mount,1204,"Battle for Azeroth",Medals,true
mount,1205,"Battle for Azeroth","Warfront: Darkshore",true
mount,1206,"Battle for Azeroth",Vendor,true
mount,1207,"Battle for Azeroth",Vendor,true
mount,1208,"Battle for Azeroth",Dubloons,true
mount,1209,"Battle for Azeroth","Island Expedition",true
mount,1210,"Battle for Azeroth",Medals,true
mount,1211,"Battle for Azeroth","Island Expedition",true
mount,1212,"Battle for Azeroth","Island Expedition",true
mount,1213,"Battle for Azeroth","Island Expedition",true
mount,1214,"Battle for Azeroth",Medals,true
mount,1215,"Battle for Azeroth",Medals,true
mount,1216,"Battle for Azeroth",Medals,true
mount,1217,"Battle for Azeroth","Raid Drop",true
mount,1218,"Battle for Azeroth",Achievement,true
mount,1219,"Battle for Azeroth","Raid Drop",true
mount,1220,"World Events","Brawler's Guild",true
mount,1221,Promotion,"Blizzard Store",true
mount,1222,Promotion,"Blizzard Store",true
mount,1223,Promotion,"Blizzard Store",true
mount,1224,"Battle for Azeroth",Achievement,true
mount,1225,Other,Paladin,true
mount,1227,"Battle for Azeroth","Dungeon Drop",true
mount,1229,"Battle for Azeroth","Rare Spawn",true
mount,1230,"Battle for Azeroth",Reputation,true
mount,1231,"Battle for Azeroth",Reputation,true
mount,1232,"Battle for Azeroth",Achievement,true
mount,1237,"Battle for Azeroth","Paragon Reputation",true
mount,1238,"Battle for Azeroth",Achievement,true
mount,1239,"Battle for Azeroth",Tinkering,true
mount,1240,Other,BMAH,true
mount,1242,"World Events",Timewalking,true
mount,1243,"World Events",Timewalking,true
mount,1245,"Battle for Azeroth",Achievement,true
mount,1246,"Battle for Azeroth",Achievement,true
mount,1247,"Battle for Azeroth",Achievement,true
mount,1248,"Battle for Azeroth","Rare Spawn",true
mount,1249,"Battle for Azeroth","Daily Activities",true
mount,1250,"Battle for Azeroth","World Boss",true
mount,1252,"Battle for Azeroth","Dungeon Drop",true
mount,1253,"Battle for Azeroth","Daily Activities",true
mount,1254,"Battle for Azeroth",Reputation,true
mount,1255,"Battle for Azeroth",Quest,true
mount,1256,"Battle for Azeroth",Quest,true
mount,1257,"Battle for Azeroth","Rare Spawn",true
mount,1258,"Battle for Azeroth","Rare Spawn",true
mount,1259,"Past Limited Time",Plunderstorm,true
mount,1260,"Battle for Azeroth",Vendor,true
mount,1262,"Battle for Azeroth",Vendor,true
mount,1265,"Battle for Azeroth","Raid Drop",true
mount,1266,"Past Limited Time","Trading Post Re-Releases",true
mount,1267,"Past Limited Time","Trading Post Re-Releases",true
mount,1269,,,true
mount,1270,,,true
mount,1271,,,true
mount,1272,,,true
mount,1277,"Battle for Azeroth",Achievement,true
mount,1282,"Battle for Azeroth",Achievement,true
mount,1283,"Battle for Azeroth","Allied Races",true
mount,1285,"World Events",Anniversary,true
mount,1286,"Battle for Azeroth","Allied Races",true
mount,1287,Promotion,Recruit-A-Friend,true
mount,1288,Promotion,Recruit-A-Friend,true
mount,1289,Promotion,"Blizzard Store",true
mount,1290,Promotion,"Blizzard Store",true
mount,1291,Promotion,"Blizzard Store",true
mount,1292,"World Events",Anniversary,true
mount,1293,"Battle for Azeroth","Raid Drop",true
mount,1297,"Battle for Azeroth","Assault: Vale of Eternal Blossoms",true
mount,1298,Shadowlands,"Venthyr Rare Spawn",true
mount,1299,Shadowlands,"Venthyr Quest",true
mount,1302,Shadowlands,"Night Fae Quest",true
mount,1303,Shadowlands,"Night Fae Quest",true
mount,1304,Shadowlands,"Rare Spawn",true
mount,1305,Shadowlands,Adventures,true
mount,1306,Shadowlands,"Rare Spawn",true
mount,1307,Shadowlands,"Rare Spawn",true
mount,1309,Shadowlands,Adventures,true
mount,1310,Shadowlands,"Venthyr Vendor",true
mount,1311,"Battle for Azeroth","Assault: Vale of Eternal Blossoms",true
mount,1312,Promotion,"Annual Subscription",true
mount,1313,"Battle for Azeroth","Assault: Vale of Eternal Blossoms",true
mount,1314,"Battle for Azeroth","Assault: Uldum",true
mount,1315,"Battle for Azeroth",Visions,true
mount,1317,"Battle for Azeroth","Assault: Uldum",true
mount,1318,"Battle for Azeroth",Reputation,true
mount,1319,"Battle for Azeroth","Assault: Uldum",true
mount,1320,"Battle for Azeroth","Daily Activities",true
mount,1321,"Battle for Azeroth",Vendor,true
mount,1322,"Battle for Azeroth",Achievement,true
mount,1324,"Battle for Azeroth","Rare Spawn",true
mount,1326,Mythic+,"Timelost Saddle",true
mount,1327,"Battle for Azeroth","Assault: Vale of Eternal Blossoms",true
mount,1328,"Battle for Azeroth","Assault: Vale of Eternal Blossoms",true
mount,1329,"Battle for Azeroth","Daily Activities",true
mount,1330,Promotion,"Blizzard Store",true
mount,1332,Shadowlands,Vendor,true
mount,1346,Promotion,"Blizzard Store",true
mount,1350,Shadowlands,"Paragon Reputation",true
mount,1351,PVP,"Vicious Saddle",true
mount,1352,PVP,"Vicious Saddle",true
mount,1354,Shadowlands,"Night Fae Renown",true
mount,1355,Shadowlands,"Night Fae Covenant Features",true
mount,1356,Shadowlands,Reputation,true
mount,1357,Shadowlands,"Night Fae Renown",true
mount,1358,Shadowlands,"Night Fae Covenant Features",true
mount,1359,Shadowlands,"Night Fae Covenant Features",true
mount,1360,Shadowlands,"Rare Spawn",true
mount,1361,Shadowlands,Reputation,true
mount,1362,Shadowlands,"Rare Spawn",true
mount,1363,PVP,Gladiator,true
mount,1364,Shadowlands,"Necrolord Quest",true
mount,1365,Shadowlands,"Necrolord Renown",true
mount,1366,Shadowlands,"Necrolord Rare Spawn",true
mount,1367,Shadowlands,"Necrolord Covenant Features",true
mount,1368,Shadowlands,"Necrolord Quest",true
mount,1369,Shadowlands,"Necrolord Renown",true
mount,1370,Shadowlands,"Necrolord Vendor",true
mount,1371,Shadowlands,"Necrolord Covenant Features",true
mount,1372,Shadowlands,"Rare Spawn",true
mount,1373,Shadowlands,"Rare Spawn",true
mount,1374,,,true
mount,1375,Shadowlands,Reputation,true
mount,1376,Shadowlands,"Covenant Feature",true
mount,1377,Shadowlands,Achievement,true
mount,1378,Shadowlands,"Maw Assaults",true
mount,1379,Shadowlands,"Rare Spawn",true
mount,1382,Shadowlands,"Venthyr Vendor",true
mount,1384,Shadowlands,"Venthyr Renown",true
mount,1385,Shadowlands,"Venthyr Quest",true
mount,1387,Shadowlands,"Venthyr Covenant Features",true
mount,1388,Shadowlands,"Venthyr Renown",true
mount,1389,Shadowlands,"Venthyr Covenant Features",true
mount,1391,Shadowlands,"Daily Activities",true
mount,1392,Shadowlands,"Covenant Feature",true
mount,1393,Shadowlands,"Night Fae Vendor",true
mount,1394,Shadowlands,"Kyrian Covenant Features",true
mount,1395,Shadowlands,"Kyrian Vendor",true
mount,1396,Shadowlands,"Kyrian Quest",true
mount,1397,Shadowlands,Treasure,true
mount,1398,Shadowlands,"Kyrian Renown",true
mount,1399,Shadowlands,"Kyrian Renown",true
mount,1400,Shadowlands,"Kyrian Quest",true
mount,1401,Shadowlands,"Kyrian Covenant Features",true
mount,1402,Shadowlands,"Kyrian Covenant Features",true
mount,1404,Shadowlands,Treasure,true
mount,1405,Mythic+,"Timelost Saddle",true
mount,1406,Shadowlands,"Dungeon Drop",true
mount,1407,Shadowlands,Zone,true
mount,1408,Shadowlands,"Covenant Feature",true
mount,1409,Shadowlands,"Necrolord Covenant Features",true
mount,1410,Shadowlands,"Rare Spawn",true
mount,1411,Shadowlands,"Necrolord Rare Spawn",true
mount,1413,Shadowlands,"Covenant Feature",true
mount,1414,Shadowlands,"Daily Activities",true
mount,1415,Shadowlands,"Rare Spawn",true
mount,1416,Shadowlands,Torghast,true
mount,1417,Shadowlands,Achievement,true
mount,1419,Mythic+,"Timelost Saddle",true
mount,1420,Shadowlands,Reputation,true
mount,1421,Shadowlands,Reputation,true
mount,1422,Shadowlands,Adventures,true
mount,1423,Shadowlands,Adventures,true
mount,1424,Promotion,"Blizzard Anniversary",true
mount,1425,Shadowlands,Reputation,true
mount,1426,Shadowlands,"Rare Spawn",true
mount,1428,Shadowlands,"Paragon Reputation",true
mount,1429,Shadowlands,"Night Fae Covenant Features",true
mount,1430,Shadowlands,"Protoform Synthesis",true
mount,1431,Shadowlands,"Protoform Synthesis",true
mount,1433,Shadowlands,"Protoform Synthesis",true
mount,1434,Shadowlands,"Rare Spawn",true
mount,1436,Shadowlands,"Kyrian Vendor",true
mount,1437,Shadowlands,"Rare Spawn",true
mount,1438,Shadowlands,"Maldraxxus Callings",true
mount,1439,Shadowlands,"Maldraxxus Callings",true
mount,1440,Shadowlands,"Maldraxxus Callings",true
mount,1441,Shadowlands,Riddle,true
mount,1442,Shadowlands,Torghast,true
mount,1443,Shadowlands,Achievement,true
mount,1444,Promotion,"Blizzard Store",true
mount,1445,Shadowlands,"Dungeon Drop",true
mount,1446,Shadowlands,Achievement,true
mount,1448,Shadowlands,"Protoform Synthesis",true
mount,1449,Shadowlands,"Necrolord Rare Spawn",true
mount,1450,Shadowlands,Reputation,true
mount,1451,PVP,"Vicious Saddle",true
mount,1452,PVP,"Vicious Saddle",true
mount,1454,Shadowlands,"Paragon Reputation",true
mount,1455,Shadowlands,"Paragon Reputation",true
mount,1456,Promotion,"Blizzard Store",true
mount,1458,Promotion,"Player Vote",true
mount,1459,PVP,"Vicious Saddle",true
mount,1460,PVP,"Vicious Saddle",true
mount,1465,PVP,"Vicious Saddle",true
mount,1466,PVP,"Vicious Saddle",true
mount,1467,Dragonflight,Vendor,true
mount,1468,"Past Limited Time","Trading Post Originals",true
mount,1469,Dragonflight,"Obsidian Citadel",true
mount,1470,"World Events",Timewalking,true
mount,1471,Shadowlands,"Raid Drop",true
mount,1474,Dragonflight,Achievement,true
mount,1475,Shadowlands,Tormentors,true
mount,1476,Shadowlands,"Maw Assaults",true
mount,1477,Shadowlands,"Maw Assaults",true
mount,1478,Dragonflight,Vendor,true
mount,1480,PVP,Gladiator,true
mount,1481,Shadowlands,"Dungeon Drop",true
mount,1482,"The War Within",Riddle,true
mount,1483,"The War Within","Raid Renown",true
mount,1484,Shadowlands,"Night Fae Renown",true
mount,1485,Shadowlands,"Night Fae Renown",true
mount,1486,Shadowlands,"Night Fae Vendor",true
mount,1487,Shadowlands,"Night Fae Rare Spawn",true
mount,1489,Shadowlands,"Venthyr Renown",true
mount,1490,Shadowlands,"Venthyr Renown",true
mount,1491,Shadowlands,"Venthyr Vendor",true
mount,1492,Shadowlands,"Kyrian Renown",true
mount,1493,Shadowlands,"Kyrian Rare Spawn",true
mount,1494,Shadowlands,"Kyrian Renown",true
mount,1495,Shadowlands,"Necrolord Renown",true
mount,1496,Shadowlands,"Necrolord Renown",true
mount,1497,Shadowlands,"Necrolord Vendor",true
mount,1500,Shadowlands,"Raid Drop",true
mount,1501,Shadowlands,"Paragon Reputation",true
mount,1502,Shadowlands,"Rare Spawn",true
mount,1503,Shadowlands,Riddle,true
mount,1504,Shadowlands,Achievement,true
mount,1505,Shadowlands,Reputation,true
mount,1506,Shadowlands,"Rare Spawn",true
mount,1507,Shadowlands,"Daily Activities",true
mount,1508,Shadowlands,"Paragon Reputation",true
mount,1509,Shadowlands,"Rare Spawn",true
mount,1510,Shadowlands,"Daily Activities",true
mount,1511,Shadowlands,"Daily Activities",true
mount,1513,Promotion,Hearthstone,true
mount,1514,Shadowlands,"Rare Spawn",true
mount,1517,Promotion,Blizzcon,true
mount,1520,Mythic+,"Timelost Saddle",true
mount,1521,"World Events",Timewalking,true
mount,1522,Shadowlands,Reputation,true
mount,1523,Shadowlands,"Protoform Synthesis",true
mount,1524,Shadowlands,"Protoform Synthesis",true
mount,1525,Shadowlands,"Protoform Synthesis",true
mount,1526,Shadowlands,"Protoform Synthesis",true
mount,1528,Shadowlands,"Protoform Synthesis",true
mount,1529,Shadowlands,Reputation,true
mount,1531,Promotion,"Blizzard Store",true
mount,1532,Legion,"Mage Tower",true
mount,1533,Shadowlands,"Protoform Synthesis",true
mount,1534,Shadowlands,"Protoform Synthesis",true
mount,1535,Shadowlands,"Protoform Synthesis",true
mount,1536,Shadowlands,"Protoform Synthesis",true
mount,1537,Shadowlands,"Protoform Synthesis",true
mount,1538,Shadowlands,"Protoform Synthesis",true
mount,1539,Shadowlands,"Protoform Synthesis",true
mount,1540,Shadowlands,"Protoform Synthesis",true
mount,1541,Shadowlands,"Protoform Synthesis",true
mount,1542,Shadowlands,"Protoform Synthesis",true
mount,1543,Shadowlands,"Protoform Synthesis",true
mount,1544,Mythic+,"Timelost Saddle",true
mount,1545,Dragonflight,Riddle,true
mount,1546,Dragonflight,Vendor,true
mount,1547,Shadowlands,"Protoform Synthesis",true
mount,1549,Shadowlands,Achievement,true
mount,1550,"Past Limited Time","Trading Post Originals",true
mount,1551,Shadowlands,Achievement,true
mount,1552,Shadowlands,"Raid Drop",true
mount,1553,Dragonflight,"Rare Spawn",true
mount,1556,Promotion,"Blizzard Store",true
mount,1563,Dragonflight,Campaign,true
mount,1564,Shadowlands,Torghast,true
mount,1565,Shadowlands,Torghast,true
mount,1566,Shadowlands,Torghast,true
mount,1568,Other,Paladin,true
mount,1569,Shadowlands,Quest,true
mount,1570,Shadowlands,"Protoform Synthesis",true
mount,1571,Shadowlands,"Protoform Synthesis",true
mount,1572,PVP,Gladiator,true
mount,1573,"Past Limited Time","Trading Post Originals",true
mount,1574,"Past Limited Time","Trading Post Originals",true
mount,1575,"Past Limited Time","Trading Post Originals",true
mount,1576,Shadowlands,Achievement,true
mount,1577,"Past Limited Time","Trading Post Originals",true
mount,1579,Promotion,Razer,true
mount,1580,Shadowlands,"Protoform Synthesis",true
mount,1581,Promotion,"Blizzard Store",true
mount,1582,"Past Limited Time","Trading Post Originals",true
mount,1583,Promotion,"Blizzard Store",true
mount,1584,Shadowlands,"Rare Spawn",true
mount,1585,Shadowlands,Treasure,true
mount,1586,"Past Limited Time","Trading Post Originals",true
mount,1587,Shadowlands,"Raid Drop",true
mount,1588,Dragonflight,Campaign,true
mount,1589,Dragonflight,Campaign,true
mount,1590,Dragonflight,Campaign,true
mount,1591,Dragonflight,Campaign,true
mount,1594,Promotion,"Blizzard Store",true
mount,1595,,,true
mount,1596,Promotion,"Diablo IV",true
mount,1597,"Battle for Azeroth","Allied Races",true
mount,1599,PVP,Gladiator,true
mount,1600,Racial,"Blood Elf",true
mount,1602,Promotion,"WoW Classic",true
mount,1603,Dragonflight,Vendor,true
mount,1607,,,true
mount,1612,Dragonflight,"Obsidian Citadel",true
mount,1614,Dragonflight,Achievement,true
mount,1615,Dragonflight,Renown,true
mount,1616,Dragonflight,Renown,true
mount,1617,Dragonflight,Treasure,true
mount,1618,Dragonflight,Achievement,true
mount,1619,Dragonflight,"Rare Spawn",true
mount,1621,Dragonflight,Achievement,true
mount,1622,Dragonflight,Vendor,true
mount,1623,Dragonflight,Treasure,true
mount,1626,Dragonflight,Achievement,true
mount,1627,Dragonflight,Events,true
mount,1629,Dragonflight,"Obsidian Citadel",true
mount,1633,Dragonflight,Achievement,true
mount,1634,Dragonflight,"Zskera Vaults",true
mount,1635,Dragonflight,Events,true
mount,1638,Dragonflight,Archives,true
mount,1639,Dragonflight,"Daily Activities",true
mount,1644,Dragonflight,Achievement,true
mount,1645,Dragonflight,Events,true
mount,1651,Dragonflight,Achievement,true
mount,1653,Dragonflight,Renown,true
mount,1654,Mounts,Collect,true
mount,1655,Dragonflight,Renown,true
mount,1656,Dragonflight,Riddle,true
mount,1657,Dragonflight,Renown,true
mount,1658,Dragonflight,Vendor,true
mount,1659,Dragonflight,Renown,true
mount,1660,PVP,Gladiator,true
mount,1662,Promotion,"Annual Subscription",true
mount,1664,Racial,Dracthyr,true
mount,1665,Racial,Dracthyr,true
mount,1667,Racial,Dracthyr,true
mount,1668,Racial,Dracthyr,true
mount,1669,Dragonflight,Achievement,true
mount,1671,Dragonflight,Vendor,true
mount,1672,Dragonflight,"Rare Spawn",true
mount,1674,Dragonflight,Riddle,true
mount,1679,Promotion,"WoW Classic",true
mount,1681,Mythic+,"Timelost Saddle",true
mount,1683,Racial,Dracthyr,true
mount,1684,Racial,Dracthyr,true
mount,1685,Racial,Dracthyr,true
mount,1686,Racial,Dracthyr,true
mount,1688,PVP,"Vicious Saddle",true
mount,1689,PVP,"Vicious Saddle",true
mount,1690,Dragonflight,Vendor,true
mount,1692,Promotion,"Blizzard Store",true
mount,1698,Promotion,Recruit-A-Friend,true
mount,1699,Promotion,"Annual Subscription",true
mount,1710,"World Events",Timewalking,true
mount,1725,Mythic+,"Timelost Saddle",true
mount,1727,Dragonflight,Quest,true
mount,1729,Dragonflight,"Daily Activities",true
mount,1730,Dragonflight,Vendor,true
mount,1732,Dragonflight,"Rare Spawn",true
mount,1733,Dragonflight,Achievement,true
mount,1734,Dragonflight,Achievement,true
mount,1735,Dragonflight,Events,true
mount,1736,Dragonflight,Vendor,true
mount,1737,"World Events",Timewalking,true
mount,1738,Dragonflight,Renown,true
mount,1739,PVP,Gladiator,true
mount,1740,PVP,"Vicious Saddle",true
mount,1741,PVP,"Vicious Saddle",true
mount,1742,"Past Limited Time","Trading Post Originals",true
mount,1744,Dragonflight,Campaign,true
mount,1771,,,true
mount,1772,"Battle for Azeroth",Quest,true
mount,1773,"Battle for Azeroth",Quest,true
mount,1774,Dragonflight,Riddle,true
mount,1776,Dragonflight,"Time Rifts",true
mount,1777,Dragonflight,"Time Rifts",true
mount,1778,Dragonflight,"Time Rifts",true
mount,1779,Dragonflight,"Time Rifts",true
mount,1781,Dragonflight,"Time Rifts",true
mount,1782,Dragonflight,"Time Rifts",true
mount,1783,Dragonflight,"Time Rifts",true
mount,1784,"Past Limited Time","Trading Post Originals",true
mount,1785,"Past Limited Time","Trading Post Originals",true
mount,1786,,,true
mount,1787,,,true
mount,1788,,,true
mount,1789,,,true
mount,1792,Promotion,"Blizzard Store",true
mount,1794,Dragonflight,Riddle,true
mount,1795,Promotion,"Blizzard Store",true
mount,1796,Dragonflight,Vendor,true
mount,1797,Promotion,"Annual Subscription",true
mount,1798,"World Events",Anniversary,true
mount,1799,"Past Limited Time","Trading Post Originals",true
mount,1801,Mythic+,"Timelost Saddle",true
mount,1808,Dragonflight,"Emerald Bounty",true
mount,1809,Dragonflight,Renown,true
mount,1810,Dragonflight,"Emerald Bounty",true
mount,1811,Dragonflight,Renown,true
mount,1812,Promotion,"Blizzard Store",true
mount,1813,Dragonflight,Riddle,true
mount,1814,Dragonflight,Achievement,true
mount,1815,Dragonflight,"Emerald Bounty",true
mount,1816,Dragonflight,"Emerald Bounty",true
mount,1817,Dragonflight,"Emerald Bounty",true
mount,1818,Dragonflight,"Raid Drop",true
mount,1819,PVP,"Vicious Saddle",true
mount,1820,PVP,"Vicious Saddle",true
mount,1822,PVP,Gladiator,true
mount,1824,"Past Limited Time","Trading Post Originals",true
mount,1825,Dragonflight,Achievement,true
mount,1830,Dragonflight,Campaign,true
mount,1831,PVP,Gladiator,true
mount,1833,Dragonflight,"Emerald Bounty",true
mount,1834,Dragonflight,"Daily Activities",true
mount,1835,Dragonflight,"Emerald Bounty",true
mount,1837,Dragonflight,"Dream Infusion",true
mount,1838,Dragonflight,"Dream Infusion",true
mount,1839,Dragonflight,"Dream Infusion",true
mount,1841,"Past Limited Time","Trading Post Originals",true
mount,1938,Dragonflight,"Dream Infusion",true
mount,1939,Dragonflight,"Dream Infusion",true
mount,1940,Dragonflight,"Dream Infusion",true
mount,1941,"World Events","Love is in the Air",true
mount,1942,"Past Limited Time","Trading Post Originals",true
mount,1943,"The War Within",Riddle,true
mount,1944,Other,BMAH,true
mount,1945,"Past Limited Time","Trading Post Originals",true
mount,1946,,,true
mount,1947,"Past Limited Time","Trading Post Re-Releases",true
mount,1948,"The War Within","Visions Revisited",true
mount,1949,Dragonflight,Quest,true
mount,1953,,,true
mount,1954,,,true
mount,1956,"Past Limited Time","Trading Post Originals",true
mount,1957,"Past Limited Time","Trading Post Re-Releases",true
mount,1958,"Past Limited Time","Trading Post Re-Releases",true
mount,1959,Promotion,Hearthstone,true
mount,2023,"World Events",Noblegarden,true
mount,2035,"Past Limited Time","Trading Post Originals",true
mount,2036,"Past Limited Time","Trading Post Originals",true
mount,2038,Dragonflight,Archives,true
mount,2039,"Past Limited Time","Trading Post Originals",true
mount,2055,Mythic+,"Timelost Saddle",true
mount,2056,PVP,"Vicious Saddle",true
mount,2057,PVP,"Vicious Saddle",true
mount,2060,"Past Limited Time","Remix: Pandaria",true
mount,2063,"Past Limited Time","Remix: Pandaria",true
mount,2064,"Past Limited Time","Remix: Pandaria",true
mount,2065,"Past Limited Time","Remix: Pandaria",true
mount,2067,"Past Limited Time","Remix: Pandaria",true
mount,2068,"Past Limited Time","Remix: Pandaria",true
mount,2069,"Past Limited Time","Remix: Pandaria",true
mount,2070,"Past Limited Time","Remix: Pandaria",true
mount,2071,"Past Limited Time","Remix: Pandaria",true
mount,2072,"Past Limited Time","Remix: Pandaria",true
mount,2073,"Past Limited Time","Remix: Pandaria",true
mount,2074,"Past Limited Time","Remix: Pandaria",true
mount,2075,"Past Limited Time","Remix: Pandaria",true
mount,2076,"Past Limited Time","Remix: Pandaria",true
mount,2077,"Past Limited Time","Remix: Pandaria",true
mount,2078,"Past Limited Time","Remix: Pandaria",true
mount,2080,"Past Limited Time","Remix: Pandaria",true
mount,2081,"Past Limited Time","Remix: Pandaria",true
mount,2083,"Past Limited Time","Remix: Pandaria",true
mount,2084,"Past Limited Time","Remix: Pandaria",true
mount,2085,"Past Limited Time","Remix: Pandaria",true
mount,2086,"Past Limited Time","Remix: Pandaria",true
mount,2087,"Past Limited Time","Remix: Pandaria",true
mount,2088,"Past Limited Time","Remix: Pandaria",true
mount,2089,"Past Limited Time","Remix: Pandaria",true
mount,2090,"Past Limited Time",Plunderstorm,true
mount,2091,Dragonflight,Achievement,true
mount,2114,Shadowlands,Achievement,true
mount,2115,Dragonflight,Vendor,true
mount,2116,"The War Within","Pre-Launch Event",true
mount,2117,"The War Within","Pre-Launch Event",true
mount,2118,"Past Limited Time","Remix: Pandaria",true
mount,2119,"The War Within","Dungeon Drop",true
mount,2140,Promotion,"Blizzard Store",true
mount,2142,"Past Limited Time","Remix: Pandaria",true
mount,2143,"Past Limited Time","Remix: Pandaria",true
mount,2144,"The War Within",Quest,true
mount,2145,Promotion,"Blizzard Store",true
mount,2148,"The War Within",Renown,true
mount,2150,PVP,"Vicious Saddle",true
mount,2152,"Past Limited Time","Trading Post Originals",true
mount,2158,Professions,Engineering,true
mount,2159,"The War Within","Zone Feature",true
mount,2161,Midnight,Vendor,true
mount,2162,"The War Within",Renown,true
mount,2165,"The War Within",Vendor,true
mount,2167,PVP,Achievement,true
mount,2171,"The War Within",Reputation,true
mount,2172,"The War Within",Reputation,true
mount,2174,"The War Within",Reputation,true
mount,2176,"The War Within","Rare Spawn",true
mount,2177,"The War Within",Renown,true
mount,2178,"The War Within","Visions Revisited",true
mount,2180,"The War Within",Achievement,true
mount,2181,"The War Within",Achievement,true
mount,2184,"The War Within",Renown,true
mount,2186,,,true
mount,2187,,,true
mount,2188,Professions,Fishing,true
mount,2189,"Past Limited Time","Trading Post Originals",true
mount,2190,"The War Within",Achievement,true
mount,2191,"The War Within",Renown,true
mount,2192,"The War Within","Rare Spawn",true
mount,2193,"The War Within",Renown,true
mount,2194,"The War Within","Zone Feature",true
mount,2198,"Past Limited Time","Trading Post Originals",true
mount,2199,Promotion,"Twitch Drops",true
mount,2201,"Past Limited Time","Trading Post Originals",true
mount,2203,Promotion,"Twitch Drops",true
mount,2204,"The War Within","Dungeon Drop",true
mount,2205,"The War Within","Rare Spawn",true
mount,2209,"The War Within",Renown,true
mount,2211,PVP,"Vicious Saddle",true
mount,2213,"The War Within",Renown,true
mount,2214,"The War Within","Allied Race",true
mount,2218,PVP,Gladiator,true
mount,2219,"The War Within","Raid Drop",true
mount,2220,Midnight,"Pre-Launch Event",true
mount,2222,"The War Within","Rare Spawn",true
mount,2223,"The War Within","Raid Drop",true
mount,2224,"World Events",Timewalking,true
mount,2225,"World Events",Timewalking,true
mount,2230,"The War Within",Achievement,true
mount,2232,Promotion,Steelseries,true
mount,2233,Other,Paladin,true
mount,2235,Promotion,"Annual Subscription",true
mount,2237,Promotion,"Blizzard Store",true
mount,2238,"Past Limited Time","Trading Post Originals",true
mount,2239,"Past Limited Time","Trading Post Originals",true
mount,2240,"Past Limited Time",Plunderstorm,true
mount,2241,,,true
mount,2244,Mythic+,"Timelost Saddle",true
mount,2249,"Past Limited Time","Trading Post Originals",true
mount,2255,,,true
mount,2259,Promotion,"Annual Subscription",true
mount,2261,"World Events",Anniversary,true
mount,2262,,,true
mount,2265,Promotion,"20th Anniversary",true
mount,2272,"The War Within",Reputation,true
mount,2274,"The War Within","Paragon Reputation",true
mount,2276,"The War Within","Raid Renown",true
mount,2277,"The War Within",Renown,true
mount,2278,"The War Within","Raid Renown",true
mount,2279,"The War Within","Raid Renown",true
mount,2280,"The War Within",Renown,true
mount,2281,"The War Within","Paragon Reputation",true
mount,2283,"The War Within",Vendor,true
mount,2284,"The War Within",Reputation,true
mount,2286,"The War Within",Reputation,true
mount,2287,"The War Within",Reputation,true
mount,2288,"The War Within",Vendor,true
mount,2289,"The War Within","Paragon Reputation",true
mount,2290,"The War Within",Vendor,true
mount,2291,"The War Within","Rare Spawn",true
mount,2292,"The War Within",Vendor,true
mount,2293,"The War Within","Rare Spawn",true
mount,2294,"The War Within",Reputation,true
mount,2295,"The War Within","Paragon Reputation",true
mount,2296,"The War Within",Quest,true
mount,2298,PVP,Gladiator,true
mount,2299,PVP,"Vicious Saddle",true
mount,2300,PVP,"Vicious Saddle",true
mount,2301,Legion,Events,true
mount,2302,"World Events","Trading Post",true
mount,2303,"The War Within","Zone Feature",true
mount,2304,Promotion,"20th Anniversary",true
mount,2305,Promotion,"20th Anniversary",true
mount,2307,Promotion,"20th Anniversary",true
mount,2308,Promotion,"20th Anniversary",true
mount,2313,"The War Within",Achievement,true
mount,2315,Promotion,"Blizzard Store",true
mount,2317,"World Events",Timewalking,true
mount,2321,"World Events",Timewalking,true
mount,2322,"The War Within",Riddle,true
mount,2324,"Past Limited Time",Plunderstorm,true
mount,2326,PVP,Gladiator,true
mount,2327,"World Events","Lunar Festival",true
mount,2328,"World Events","Love is in the Air",true
mount,2329,"Past Limited Time","Trading Post Originals",true
mount,2330,Promotion,"Blizzard Store",true
mount,2331,Promotion,"Blizzard Store",true
mount,2332,"The War Within",Achievement,true
mount,2333,"The War Within",Vendor,true
mount,2334,"The War Within","Paragon Reputation",true
mount,2339,"Battle for Azeroth",Achievement,true
mount,2342,Promotion,"Blizzard Store",true
mount,2343,Promotion,"Blizzard Store",true
mount,2344,Promotion,"Blizzard Store",true
mount,2345,Promotion,"Blizzard Store",true
mount,2346,Promotion,"Blizzard Store",true
mount,2347,"Past Limited Time","Trading Post Originals",true
mount,2469,"The War Within","Daily Activities",true
mount,2470,"World Events",Timewalking,true
mount,2471,"World Events",Timewalking,true
mount,2473,"World Events",Timewalking,true
mount,2474,"World Events",Timewalking,true
mount,2476,Promotion,"WoW Classic",true
mount,2477,Promotion,"WoW Classic",true
mount,2478,,,true
mount,2480,Mythic+,"Timelost Saddle",true
mount,2481,,,true
mount,2482,"Past Limited Time","Trading Post Originals",true
mount,2483,"Past Limited Time","Trading Post Originals",true
mount,2484,,,true
mount,2487,"The War Within","Raid Drop",true
mount,2488,"Past Limited Time","Trading Post Originals",true
mount,2489,"Past Limited Time","Trading Post Originals",true
mount,2491,"Past Limited Time","Trading Post Originals",true
mount,2492,"World Events","Love is in the Air",true
mount,2494,,,true
mount,2495,"Past Limited Time","Trading Post Originals",true
mount,2496,"The War Within","Visions Revisited",true
mount,2497,"The War Within","Visions Revisited",true
mount,2498,"The War Within","Visions Revisited",true
mount,2499,"The War Within","Visions Revisited",true
mount,2500,"The War Within",Achievement,true
mount,2501,"The War Within",Vendor,true
mount,2502,Professions,Jewelcrafting,true
mount,2504,"Past Limited Time","Trading Post Originals",true
mount,2505,"The War Within",Quest,true
mount,2507,"The War Within","Raid Drop",true
mount,2508,Mythic+,"Timelost Saddle",true
mount,2510,"The War Within",Renown,true
mount,2511,"The War Within",Achievement,true
mount,2512,"The War Within",Quest,true
mount,2518,"World Events",Timewalking,true
mount,2519,"The War Within",Renown,true
mount,2520,"Past Limited Time","Trading Post Originals",true
mount,2521,,,true
mount,2522,,,true
mount,2523,,,true
mount,2524,"Past Limited Time","Trading Post Originals",true
mount,2525,Promotion,"Blizzard Store",true
mount,2526,Promotion,"Blizzard Store",true
mount,2527,"Past Limited Time","Trading Post Originals",true
mount,2528,,,true
mount,2529,Promotion,"Blizzard Store",true
mount,2531,"Past Limited Time","Dastardly Duos",true
mount,2532,Promotion,"Blizzard Store",true
mount,2535,"The War Within","Zone Feature",true
mount,2542,"Past Limited Time","Remix: Legion",true
mount,2544,"Past Limited Time","Remix: Legion",true
mount,2546,"Past Limited Time","Remix: Legion",true
mount,2549,"The War Within",Achievement,true
mount,2550,"The War Within",Quest,true
mount,2552,"The War Within",Vendor,true
mount,2555,"The War Within","Raid Renown",true
mount,2556,"The War Within",Renown,true
mount,2557,"The War Within",Vendor,true
mount,2560,"The War Within","Daily Activities",true
mount,2561,"The War Within","Zone Feature",true
mount,2566,Promotion,"Blizzard Store",true
mount,2567,Promotion,"Collector's Edition",true
mount,2568,Promotion,"Collector's Edition",true
mount,2569,"The War Within","Raid Drop",true
mount,2570,PVP,"Vicious Saddle",true
mount,2571,PVP,"Vicious Saddle",true
mount,2572,"World Events","Trading Post",true
mount,2573,Promotion,"Annual Subscription",true
mount,2574,"Past Limited Time","Remix: Legion",true
mount,2575,"Past Limited Time","Trading Post Originals",true
mount,2576,"World Events","Trading Post",true
mount,2577,"Past Limited Time","Trading Post Originals",true
mount,2578,"World Events","Trading Post",true
mount,2579,"Past Limited Time","Trading Post Originals",true
mount,2580,"Past Limited Time","Trading Post Originals",true
mount,2581,"World Events","Trading Post",true
mount,2582,Promotion,"WoW Classic",true
mount,2586,"World Events",Timewalking,true
mount,2587,"World Events",Timewalking,true
mount,2593,"Past Limited Time","Remix: Legion",true
mount,2595,"World Events","Trading Post",true
mount,2598,Promotion,"Collector's Edition",true
mount,2600,"Past Limited Time","Trading Post Originals",true
mount,2601,"The War Within","Rare Spawn",true
mount,2602,"The War Within","Zone Feature",true
mount,2603,"The War Within","Rare Spawn",true
mount,2604,"The War Within",Vendor,true
mount,2605,"Past Limited Time","Greedy Emissary",true
mount,2606,"The War Within","Raid Drop",true
mount,2607,Midnight,"Raid Drop",true
mount,2608,Midnight,"Pre-Launch Event",true
mount,2611,Midnight,Quest,true
mount,2612,"World Events","Trading Post",true
mount,2614,Midnight,Renown,true
mount,2615,Midnight,"Zone Drop",true
mount,2616,Midnight,"Allied Race",true
mount,2618,Promotion,Pringles,true
mount,2619,"World Events","Trading Post",true
mount,2620,Promotion,"Blizzard Store",true
mount,2621,"Past Limited Time","Trading Post Originals",true
mount,2622,"World Events","Trading Post",true
mount,2623,"World Events","Hallow's End",true
mount,2624,"World Events","Trading Post",true
mount,2625,"Past Limited Time","Trading Post Originals",true
mount,2626,"World Events","Trading Post",true
mount,2627,"Past Limited Time","Trading Post Originals",true
mount,2628,"Past Limited Time","Trading Post Originals",true
mount,2629,"World Events","Trading Post",true
mount,2630,"Past Limited Time","Trading Post Originals",true
mount,2631,Mythic+,"Timelost Saddle",true
mount,2632,Promotion,"Annual Subscription",true
mount,2633,Mythic+,"Timelost Saddle",true
mount,2634,Promotion,"Blizzard Store",true
mount,2640,"World Events",Brewfest,true
mount,2645,"Past Limited Time","Trading Post Originals",true
mount,2649,"World Events","Trading Post",true
mount,2650,"World Events","Trading Post",true
mount,2651,Promotion,"Blizzard Store",true
mount,2652,"World Events","Trading Post",true
mount,2653,"Past Limited Time","Remix: Legion",true
mount,2655,"The War Within",Achievement,true
mount,2660,"Past Limited Time","Remix: Legion",true
mount,2661,"Past Limited Time","Remix: Legion",true
mount,2662,"Past Limited Time","Remix: Legion",true
mount,2663,"Past Limited Time","Remix: Legion",true
mount,2664,"Past Limited Time","Remix: Legion",true
mount,2665,"Past Limited Time","Remix: Legion",true
mount,2666,"Past Limited Time","Remix: Legion",true
mount,2670,"Past Limited Time","Remix: Legion",true
mount,2671,"Past Limited Time","Remix: Legion",true
mount,2672,"Past Limited Time","Remix: Legion",true
mount,2673,"Past Limited Time","Remix: Legion",true
mount,2674,"Past Limited Time","Remix: Legion",true
mount,2675,"Past Limited Time","Remix: Legion",true
mount,2676,"Past Limited Time","Remix: Legion",true
mount,2677,"Past Limited Time","Remix: Legion",true
mount,2678,"Past Limited Time","Remix: Legion",true
mount,2679,"Past Limited Time","Remix: Legion",true
mount,2681,"Past Limited Time","Remix: Legion",true
mount,2682,"Past Limited Time","Remix: Legion",true
mount,2683,"Past Limited Time","Remix: Legion",true
mount,2686,"Past Limited Time","Remix: Legion",true
mount,2688,"Past Limited Time","Remix: Legion",true
mount,2689,"Past Limited Time","Remix: Legion",true
mount,2690,"Past Limited Time","Remix: Legion",true
mount,2691,"Past Limited Time","Remix: Legion",true
mount,2693,Midnight,Vendor,true
mount,2694,Midnight,Renown,true
mount,2696,"Past Limited Time","Trading Post Originals",true
mount,2697,"World Events","Trading Post",true
mount,2698,"World Events","Trading Post",true
mount,2699,"Past Limited Time","Trading Post Originals",true
mount,2700,Promotion,"Blizzard Store",true
mount,2701,Promotion,"Blizzard Store",true
mount,2702,Promotion,"Blizzard Store",true
mount,2703,Promotion,"Blizzard Store",true
mount,2705,"Past Limited Time","Remix: Legion",true
mount,2706,"Past Limited Time","Remix: Legion",true
mount,2707,Midnight,Achievement,true
mount,2708,Midnight,"Zone Drop",true
mount,2710,Midnight,Renown,true
mount,2713,Midnight,Treasure,true
mount,2717,Legion,Events,true
mount,2718,Legion,Vendor,true
mount,2719,Promotion,"WoW Classic",true
mount,2720,"Past Limited Time","Remix: Legion",true
mount,2721,"Past Limited Time","Remix: Legion",true
mount,2723,"Past Limited Time","Remix: Legion",true
mount,2724,"Past Limited Time","Remix: Legion",true
mount,2725,"Past Limited Time","Remix: Legion",true
mount,2726,"Past Limited Time","Remix: Legion",true
mount,2727,"Past Limited Time","Remix: Legion",true
mount,2728,"Past Limited Time","Remix: Legion",true
mount,2729,"Past Limited Time","Remix: Legion",true
mount,2730,"Past Limited Time","Remix: Legion",true
mount,2731,"Past Limited Time","Remix: Legion",true
mount,2732,Promotion,"WoW Classic",true
mount,2733,Mythic+,"Timelost Saddle",true
mount,2734,Mythic+,"Timelost Saddle",true
mount,2742,"World Events","Trading Post",true
mount,2743,"World Events","Trading Post",true
mount,2747,Midnight,Treasure,true
mount,2749,Midnight,"Rare Spawn",true
mount,2751,Midnight,"Zone Drop",true
mount,2753,Midnight,Renown,true
mount,2754,Midnight,Quest,true
mount,2755,Midnight,Achievement,true
mount,2756,Midnight,Achievement,true
mount,2758,Midnight,"Zone Drop",true
mount,2760,Midnight,"Zone Drop",true
mount,2761,Midnight,Renown,true
mount,2762,Midnight,"Zone Drop",true
mount,2764,Midnight,"Paragon Reputation",true
mount,2767,Midnight,"Zone Feature",true
mount,2769,Midnight,Vendor,true
mount,2770,Midnight,Vendor,true
mount,2771,Midnight,Achievement,true
mount,2772,Midnight,Vendor,true
mount,2773,Midnight,Achievement,true
mount,2775,Midnight,"Zone Drop",true
mount,2776,Midnight,Renown,true
mount,2778,Midnight,Treasure,true
mount,2779,Midnight,"Ritual Sites",true
mount,2781,Midnight,Vendor,true
mount,2785,Midnight,Quest,true
mount,2786,Midnight,Treasure,true
mount,2789,Midnight,Renown,true
mount,2790,Midnight,Treasure,true
mount,2791,Midnight,Reputation,true
mount,2792,Midnight,Reputation,true
mount,2793,PVP,"Vicious Saddle",true
mount,2794,PVP,"Vicious Saddle",true
mount,2795,"World Events",Timewalking,true
mount,2796,"World Events",Timewalking,true
mount,2797,"World Events",Timewalking,true
mount,2798,"World Events",Timewalking,true
mount,2801,PVP,Gladiator,true
mount,2802,"The War Within",Achievement,true
mount,2803,"World Events","Trading Post",true
mount,2804,"World Events",Timewalking,true
mount,2805,Midnight,"Dungeon Drop",true
mount,2806,"World Events",Timewalking,true
mount,2807,"World Events","Brawler's Guild",true
mount,2808,"World Events","Brawler's Guild",true
mount,2815,"World Events",Timewalking,true
mount,2817,Midnight,"Dungeon Drop",true
mount,2818,Midnight,Quest,true
mount,2821,PVP,Gladiator,true
mount,2823,"Past Limited Time","Trading Post Originals",true
mount,2825,"Past Limited Time","Trading Post Originals",true
mount,2827,Midnight,"Zone Drop",true
mount,2828,Midnight,Renown,true
mount,2829,Midnight,Achievement,true
mount,2831,Midnight,Achievement,true
mount,2833,"Past Limited Time","Trading Post Originals",true
mount,2834,"World Events","Trading Post",true
mount,2835,"World Events","Trading Post",true
mount,2836,"World Events","Trading Post",true
mount,2838,Promotion,Fanta,true
mount,2839,Midnight,Treasure,true
mount,2840,Midnight,Vendor,true
mount,2841,Midnight,Vendor,true
mount,2842,Midnight,"Nemesis Drop",true
mount,2843,"World Events","Trading Post",true
mount,2845,"Past Limited Time","Trading Post Originals",true
mount,2846,"World Events","Trading Post",true
mount,2847,"World Events","Trading Post",true
mount,2848,"World Events","Trading Post",true
mount,2849,"World Events","Trading Post",true
mount,2850,Promotion,"Twitch Drops",true
mount,2851,"World Events","Trading Post",true
mount,2852,"Past Limited Time","Trading Post Originals",true
mount,2853,"Past Limited Time","Trading Post Originals",true
mount,2912,Midnight,Achievement,true
mount,2913,Midnight,Vendor,true
mount,2914,,,true
mount,2915,Midnight,Vendor,true
mount,2917,Mounts,Collect,true
mount,2922,Promotion,"Blizzard Store",true
mount,2926,,,true
mount,2927,,,true
mount,2928,"Past Limited Time","Trading Post Originals",true
mount,2929,"Past Limited Time","Trading Post Originals",true
mount,2930,Promotion,"Blizzard Store",true
mount,2931,Promotion,"Blizzard Store",true
mount,2933,"Past Limited Time","Decor Duels",true
mount,2935,Midnight,Renown,true
mount,2937,,,true
mount,2938,,,true
mount,2940,"Past Limited Time","Trading Post Originals",true
mount,2941,"Past Limited Time","Trading Post Originals",true
mount,2948,,,true
mount,2949,,,true
mount,2950,Midnight,"Raid Drop",true
mount,2951,,,true
mount,2961,Midnight,"Ritual Sites",true
mount,2964,Midnight,"Ritual Sites",true
mount,2965,Professions,Leatherworking,true
mount,2969,,,true
mount,2972,,,true
mount,2973,"Past Limited Time","Trading Post Originals",true
mount,2975,"Past Limited Time","Trading Post Originals",true
mount,2977,Promotion,"Blizzard Store",true
mount,2980,Midnight,"Daily Activities",true
mount,2982,Promotion,"Blizzard Store",true
mount,2984,Promotion,Blizzcon,true
mount,2988,Midnight,Vendor,true
mount,2990,Midnight,Vendor,true
mount,2994,"Past Limited Time","Trading Post Originals",true
mount,2999,,,true
mount,3002,PVP,"Vicious Saddle",true
mount,3003,PVP,"Vicious Saddle",true
mount,3004,,,true
mount,3005,Mythic+,"Timelost Saddle",true
mount,3006,Mythic+,"Timelost Saddle",true
mount,3007,Mythic+,"Timelost Saddle",true
mount,3008,Mythic+,"Timelost Saddle",true
mount,3009,Mythic+,"Timelost Saddle",true
mount,3010,Mythic+,"Timelost Saddle",true
mount,3014,,,true
mount,3015,,,true
mount,3016,,,true
mount,3017,,,true
mount,3018,"World Events","Trading Post",true
mount,3019,Midnight,Reputation,true
mount,3020,Midnight,Vendor,true
mount,3021,Midnight,Achievement,true
mount,3023,Midnight,Achievement,true
mount,3029,Midnight,"Nemesis Drop",true
mount,3030,Midnight,"Raid Drop",true
mount,3031,Midnight,"Prey Drop",true
mount,3032,Midnight,Vendor,true
mount,3033,Midnight,Vendor,true
mount,3036,"World Events","Midsummer Fire Festival",true
mount,3043,Midnight,Vendor,true
mount,3051,Midnight,"Zone Drop",true
mount,3053,Midnight,Achievement,true
mount,3054,Midnight,Renown,true
mount,3058,Midnight,"Dungeon Drop",true
mount,3060,Midnight,Renown,true
mount,3061,Midnight,"Zone Drop",true
mount,3062,Midnight,Achievement,true
mount,3063,Mythic+,"Timelost Saddle",true
mount,3064,Mythic+,"Timelost Saddle",true
mount,3066,Midnight,"Aqir Invasions",true
mount,3069,Mythic+,Champion,true
mount,3070,"World Events","Trading Post",true
mount,3102,"Past Limited Time","Trading Post Originals",true
mount,3103,"Past Limited Time","Trading Post Originals",true
mount,3104,"Past Limited Time","Trading Post Originals",true
mount,3105,"World Events","Trading Post",true
mount,3107,"World Events","Trading Post",true
mount,3119,"World Events","Trading Post",true
mount,3125,"World Events","Trading Post",true
mount,3137,Midnight,Vendor,true
mount,3144,Midnight,"Nemesis Drop",true
pet,39,Profession,Engineering,true
pet,40,Classic,"Alliance Vendor",true
pet,41,Classic,"Alliance Vendor",true
pet,42,Classic,"World Drop: Eastern Kingdoms",true
pet,43,Classic,"Alliance Vendor",true
pet,44,"The Burning Crusade",Vendor,true
pet,45,Classic,"Alliance Vendor",true
pet,46,Classic,"Alliance Vendor",true
pet,47,Classic,Vendor,true
pet,49,Classic,"World Drop: Eastern Kingdoms",true
pet,50,Classic,"Dungeon Drop",true
pet,51,"The Burning Crusade",Vendor,true
pet,52,Classic,Vendor,true
pet,55,"The Burning Crusade",Vendor,true
pet,56,Classic,"World Drop: Eastern Kingdoms",true
pet,57,Classic,"World Drop: Kalimdor",true
pet,58,Classic,"World Drop: Eastern Kingdoms",true
pet,59,Classic,"World Drop: Kalimdor",true
pet,64,"World Event","Darkmoon Faire",true
pet,65,"World Event","Darkmoon Faire",true
pet,67,Classic,"Alliance Vendor",true
pet,68,Classic,"Alliance Vendor",true
pet,69,,,true
pet,70,Classic,"Horde Vendor",true
pet,72,Classic,"Alliance Vendor",true
pet,74,"Wrath of the Lich King",Vendor,true
pet,75,Classic,"Horde Vendor",true
pet,77,Classic,"Horde Vendor",true
pet,78,"The Burning Crusade",Vendor,true
pet,83,Classic,Quest,true
pet,84,Classic,Quest,true
pet,85,Profession,Engineering,true
pet,86,Profession,Engineering,true
pet,87,Classic,"World Drop: Kalimdor",true
pet,89,Classic,"Dungeon Drop",true
pet,90,Classic,"Dungeon Drop",true
pet,92,Promotional,"Collector's Edition",true
pet,93,Promotional,"Collector's Edition",true
pet,94,Promotional,"Collector's Edition",true
pet,95,Profession,Engineering,true
pet,106,"World Event","Darkmoon Faire",true
pet,107,Promotional,Blizzcon,true
pet,111,Promotional,"Collector's Edition",true
pet,114,Classic,"World Drop",true
pet,115,"Warlords of Draenor",Reputation,true
pet,116,Profession,Engineering,true
pet,117,"World Event","Feast of Winter Veil",true
pet,118,"World Event","Feast of Winter Veil",true
pet,119,"World Event","Feast of Winter Veil",true
pet,120,"World Event","Feast of Winter Veil",true
pet,121,Promotional,"Non-US Region",true
pet,122,"World Event","Love is in the Air",true
pet,124,Promotional,"Non-US Region",true
pet,125,"World Event","Children's Week",true
pet,126,"World Event","Children's Week",true
pet,127,"World Event","Children's Week",true
pet,128,"World Event","Midsummer Fire Festival",true
pet,130,Promotional,"Trading Card Game / Auction House",true
pet,131,Promotional,"Collector's Edition",true
pet,132,Profession,Fishing,true
pet,136,"The Burning Crusade",Vendor,true
pet,137,"The Burning Crusade",Vendor,true
pet,138,Classic,"Alliance Vendor",true
pet,139,"The Burning Crusade",Vendor,true
pet,140,Classic,"Alliance Vendor",true
pet,141,Classic,"Alliance Vendor",true
pet,142,Classic,"Horde Vendor",true
pet,143,Classic,"Horde Vendor",true
pet,144,Classic,"Horde Vendor",true
pet,145,"The Burning Crusade",Vendor,true
pet,146,"The Burning Crusade","World Drop",true
pet,149,"The Burning Crusade",Quest,true
pet,153,"World Event",Brewfest,true
pet,155,Promotional,Other,true
pet,156,Promotional,"Trading Card Game / Auction House",true
pet,157,"World Event","Children's Week",true
pet,158,"World Event","Children's Week",true
pet,159,"World Event","Children's Week",true
pet,160,,Collect,true
pet,162,"World Event","Hallow's End",true
pet,163,Profession,Fishing,true
pet,164,Profession,Fishing,true
pet,165,"The Burning Crusade","Raid Drop",true
pet,166,"World Event",Brewfest,true
pet,167,"The Burning Crusade",Reputation,true
pet,168,"Past Limited Time","Trading Post Re-Releases",true
pet,169,Promotional,"Trading Card Game / Auction House",true
pet,170,Promotional,Recruit-A-Friend,true
pet,171,Promotional,Recruit-A-Friend,true
pet,172,Cataclysm,"Molten Front",true
pet,173,Profession,Fishing,true
pet,174,Profession,Fishing,true
pet,175,"The Burning Crusade","Raid Drop",true
pet,179,"Past Limited Time","Trading Post Re-Releases",true
pet,180,Promotional,"Non-US Region",true
pet,183,Promotional,"Trading Card Game / Auction House",true
pet,186,"The Burning Crusade",Reputation,true
pet,187,"Wrath of the Lich King","Pre-Launch Event",true
pet,188,Promotional,"Collector's Edition",true
pet,189,Promotional,WWI,true
pet,190,"Wrath of the Lich King",Vendor,true
pet,191,"World Event","Feast of Winter Veil",true
pet,192,Promotional,Other,true
pet,193,Profession,Fishing,true
pet,194,"Wrath of the Lich King","Cracked Egg",true
pet,195,"Wrath of the Lich King","Cracked Egg",true
pet,196,"Wrath of the Lich King","Cracked Egg",true
pet,197,"Wrath of the Lich King","Cracked Egg",true
pet,198,"Wrath of the Lich King",Reputation,true
pet,199,"Wrath of the Lich King",Achievement,true
pet,200,"World Event",Noblegarden,true
pet,201,"World Event","Pilgrim's Bounty",true
pet,202,"World Event",Anniversary,true
pet,203,,Collect,true
pet,204,"Wrath of the Lich King","Argent Tournament",true
pet,205,"Wrath of the Lich King","Argent Tournament",true
pet,206,"Wrath of the Lich King","Argent Tournament",true
pet,207,"Wrath of the Lich King","Argent Tournament",true
pet,209,"Wrath of the Lich King","Argent Tournament",true
pet,210,"Wrath of the Lich King","Argent Tournament",true
pet,211,Profession,Fishing,true
pet,212,"Wrath of the Lich King","Argent Tournament",true
pet,213,"Wrath of the Lich King","Argent Tournament",true
pet,214,"Wrath of the Lich King",Quest,true
pet,215,"Wrath of the Lich King","Argent Tournament",true
pet,216,"Wrath of the Lich King",Quest,true
pet,217,Promotional,Other,true
pet,218,"Wrath of the Lich King","Argent Tournament",true
pet,220,Classic,Quest,true
pet,224,"Wrath of the Lich King",Vendor,true
pet,225,"World Event","Children's Week",true
pet,226,"World Event","Children's Week",true
pet,227,Classic,Vendor,true
pet,228,Promotional,Blizzcon,true
pet,229,"Wrath of the Lich King","Argent Tournament",true
pet,231,Promotional,Recruit-A-Friend,true
pet,232,Classic,"World Drop: Kalimdor",true
pet,233,Classic,"Dungeon Drop",true
pet,234,"Wrath of the Lich King","World Drop",true
pet,235,Classic,"World Drop: Kalimdor",true
pet,236,"Wrath of the Lich King",Vendor,true
pet,237,Classic,"World Drop: Kalimdor",true
pet,238,Classic,"World Drop: Eastern Kingdoms",true
pet,239,Classic,"World Drop: Eastern Kingdoms",true
pet,240,Promotional,"Non-US Region",true
pet,241,Promotional,"Trading Card Game / Auction House",true
pet,242,"Past Limited Time","Trading Post Re-Releases",true
pet,243,"World Event",Anniversary,true
pet,244,Promotional,Authenticator,true
pet,245,Promotional,"Blizzard Gear Store",true
pet,246,Promotional,"Blizzard Gear Store",true
pet,247,Promotional,Recruit-A-Friend,true
pet,248,"Past Limited Time","Trading Post Re-Releases",true
pet,249,"Past Limited Time","Trading Post Re-Releases",true
pet,250,,Achievement,true
pet,251,"World Event","Love is in the Air",true
pet,253,"World Event","Midsummer Fire Festival",true
pet,254,Classic,Vendor,true
pet,255,,Collect,true
pet,256,Promotional,"Blizzard Store",true
pet,258,Promotional,"StarCraft II",true
pet,259,Cataclysm,Quest,true
pet,260,Cataclysm,Quest,true
pet,261,Profession,Engineering,true
pet,262,Profession,Engineering,true
pet,264,Profession,Archaeology,true
pet,265,Cataclysm,Achievement,true
pet,266,Profession,Archaeology,true
pet,267,Profession,Enchanting,true
pet,268,Promotional,"Collector's Edition",true
pet,270,Other,"Guild Vendor",true
pet,271,Cataclysm,Reputation,true
pet,272,Other,"Guild Vendor",true
pet,277,Profession,Archaeology,true
pet,278,Cataclysm,Reputation,true
pet,279,Cataclysm,Rare,true
pet,280,Other,"Guild Vendor",true
pet,281,Other,"Guild Vendor",true
pet,282,Other,"Guild Vendor",true
pet,283,Other,"Guild Vendor",true
pet,285,Promotional,"Trading Card Game / Auction House",true
pet,286,Classic,"World Drop: Eastern Kingdoms",true
pet,287,Classic,Quest,true
pet,289,"World Event","Children's Week",true
pet,291,Classic,Quest,true
pet,292,Profession,Enchanting,true
pet,293,Profession,Mining,true
pet,294,Promotional,Blizzcon,true
pet,296,Promotional,"Blizzard Store",true
pet,297,Promotional,"Blizzard Store",true
pet,298,Promotional,"Blizzard Store",true
pet,301,Cataclysm,Quest,true
pet,302,Promotional,"Trading Card Game / Auction House",true
pet,303,Promotional,"Trading Card Game / Auction House",true
pet,306,Classic,Vendor,true
pet,307,Cataclysm,Quest,true
pet,308,"World Event","Children's Week",true
pet,309,Profession,Archaeology,true
pet,310,Profession,Archaeology,true
pet,311,Promotional,"Blizzard Store",true
pet,316,Promotional,"Blizzard Store",true
pet,317,Cataclysm,"Molten Front",true
pet,318,Cataclysm,"Molten Front",true
pet,319,"World Event","Hallow's End",true
pet,320,Other,"Guild Vendor",true
pet,321,"World Event","Hallow's End",true
pet,323,,Collect,true
pet,325,,Collect,true
pet,328,Promotional,"Trading Card Game / Auction House",true
pet,329,Promotional,Blizzcon,true
pet,330,"World Event","Darkmoon Faire",true
pet,331,Classic,Quest,true
pet,332,Classic,Quest,true
pet,333,Promotional,"Trading Card Game / Auction House",true
pet,335,"World Event","Darkmoon Faire",true
pet,336,"World Event","Darkmoon Faire",true
pet,337,"World Event","Feast of Winter Veil",true
pet,338,"World Event","Darkmoon Faire",true
pet,339,"World Event","Darkmoon Faire",true
pet,340,Profession,Fishing,true
pet,341,"World Event","Lunar Festival",true
pet,342,"World Event","Lunar Festival",true
pet,343,"World Event","Darkmoon Faire",true
pet,346,Promotional,"Diablo III",true
pet,347,Promotional,"Blizzard Store",true
pet,348,Promotional,"Trading Card Game / Auction House",true
pet,374,,,true
pet,378,,,true
pet,379,,,true
pet,380,,,true
pet,381,"Mists of Pandaria","Pet Battle",true
pet,382,Legion,Riddle,true
pet,383,,,true
pet,385,,,true
pet,386,,,true
pet,387,,,true
pet,388,,,true
pet,389,,,true
pet,391,,,true
pet,392,,,true
pet,393,,,true
pet,395,,,true
pet,396,,,true
pet,397,,,true
pet,398,,,true
pet,399,,,true
pet,400,,,true
pet,401,,,true
pet,402,,,true
pet,403,,,true
pet,404,,,true
pet,405,,,true
pet,406,,,true
pet,407,,,true
pet,408,,,true
pet,409,,,true
pet,410,,,true
pet,411,,,true
pet,412,,,true
pet,414,,,true
pet,415,,,true
pet,416,,,true
pet,417,,,true
pet,418,,,true
pet,419,,,true
pet,420,,,true
pet,421,,,true
pet,422,,,true
pet,423,,,true
pet,424,,,true
pet,425,,,true
pet,427,,,true
pet,428,,,true
pet,429,,,true
pet,430,,,true
pet,431,,,true
pet,432,,,true
pet,433,,,true
pet,437,,,true
pet,438,,,true
pet,439,,,true
pet,440,,,true
pet,441,,,true
pet,442,,,true
pet,443,,,true
pet,445,,,true
pet,446,,,true
pet,447,,,true
pet,448,,,true
pet,449,,,true
pet,450,,,true
pet,452,,,true
pet,453,,,true
pet,454,,,true
pet,455,,,true
pet,456,,,true
pet,457,,,true
pet,458,,,true
pet,459,,,true
pet,460,,,true
pet,461,,,true
pet,463,,,true
pet,464,,,true
pet,465,,,true
pet,466,,,true
pet,467,,,true
pet,468,,,true
pet,469,,,true
pet,470,,,true
pet,471,,,true
pet,472,,,true
pet,473,,,true
pet,474,,,true
pet,475,,,true
pet,477,,,true
pet,478,,,true
pet,479,,,true
pet,480,,,true
pet,482,,,true
pet,483,,,true
pet,484,,,true
pet,485,,,true
pet,487,,,true
pet,488,,,true
pet,489,,,true
pet,491,,,true
pet,492,,,true
pet,493,,,true
pet,494,,,true
pet,495,,,true
pet,496,,,true
pet,497,,,true
pet,498,,,true
pet,499,,,true
pet,500,,,true
pet,502,,,true
pet,503,,,true
pet,504,,,true
pet,505,,,true
pet,506,,,true
pet,507,,,true
pet,508,,,true
pet,509,,,true
pet,511,,,true
pet,512,,,true
pet,513,,,true
pet,514,,,true
pet,515,,,true
pet,517,,,true
pet,518,,,true
pet,519,,,true
pet,521,,,true
pet,523,,,true
pet,525,,,true
pet,528,,,true
pet,529,,,true
pet,530,,,true
pet,532,,,true
pet,534,,,true
pet,535,,,true
pet,536,,,true
pet,537,,,true
pet,538,,,true
pet,539,,,true
pet,540,,,true
pet,541,,,true
pet,542,,,true
pet,543,,,true
pet,544,,,true
pet,545,,,true
pet,546,,,true
pet,547,,,true
pet,548,,,true
pet,549,,,true
pet,550,,,true
pet,552,,,true
pet,553,,,true
pet,554,,,true
pet,555,,,true
pet,556,,,true
pet,557,,,true
pet,558,,,true
pet,559,,,true
pet,560,,,true
pet,562,,,true
pet,564,,,true
pet,565,,,true
pet,566,,,true
pet,567,,,true
pet,568,,,true
pet,569,,,true
pet,570,,,true
pet,571,,,true
pet,572,,,true
pet,573,,,true
pet,626,,,true
pet,627,,,true
pet,628,,,true
pet,629,Cataclysm,Racial,true
pet,630,Cataclysm,Racial,true
pet,631,,,true
pet,632,,,true
pet,633,,,true
pet,634,,,true
pet,635,,,true
pet,637,,,true
pet,638,,,true
pet,639,,,true
pet,640,,,true
pet,641,,,true
pet,644,,,true
pet,645,,,true
pet,646,,,true
pet,647,,,true
pet,648,,,true
pet,649,,,true
pet,650,"Mists of Pandaria","World Drop",true
pet,652,"Mists of Pandaria",Reputation,true
pet,665,"Past Limited Time","Trading Post Re-Releases",true
pet,666,Legion,Achievement,true
pet,671,Promotional,"Blizzard Store",true
pet,675,,,true
pet,677,,,true
pet,678,,,true
pet,679,,,true
pet,680,,,true
pet,699,,,true
pet,702,,,true
pet,703,,,true
pet,706,,,true
pet,707,,,true
pet,708,,,true
pet,709,,,true
pet,710,,,true
pet,711,,,true
pet,712,,,true
pet,713,,,true
pet,714,,,true
pet,716,,,true
pet,717,,,true
pet,718,,,true
pet,722,,,true
pet,723,,,true
pet,724,,,true
pet,725,,,true
pet,726,,,true
pet,727,,,true
pet,728,,,true
pet,729,,,true
pet,730,,,true
pet,731,,,true
pet,732,,,true
pet,733,,,true
pet,737,,,true
pet,739,,,true
pet,740,,,true
pet,741,,,true
pet,742,,,true
pet,743,,,true
pet,744,,,true
pet,745,,,true
pet,746,,,true
pet,747,,,true
pet,748,,,true
pet,749,,,true
pet,750,,,true
pet,751,,,true
pet,752,,,true
pet,753,,,true
pet,754,,,true
pet,755,,,true
pet,756,,,true
pet,757,Promotional,Other,true
pet,758,Promotional,Other,true
pet,792,Classic,Vendor,true
pet,802,Other,BMAH,true
pet,817,,,true
pet,818,,,true
pet,819,,,true
pet,820,,Achievement,true
pet,821,,Collect,true
pet,823,,,true
pet,834,"Mists of Pandaria",Rare,true
pet,835,"Mists of Pandaria",Achievement,true
pet,836,"Mists of Pandaria",Rare,true
pet,837,,,true
pet,838,,,true
pet,844,Profession,Engineering,true
pet,845,Profession,Jewelcrafting,true
pet,846,Profession,Jewelcrafting,true
pet,847,"Mists of Pandaria",Quest,true
pet,848,"World Event","Darkmoon Faire",true
pet,849,Profession,Inscription,true
pet,850,Profession,Inscription,true
pet,851,,,true
pet,855,,Collect,true
pet,856,,Achievement,true
pet,868,"Mists of Pandaria","Pet Battle",true
pet,903,Promotional,"StarCraft II",true
pet,1013,,,true
pet,1039,Profession,Tailoring,true
pet,1040,Profession,Tailoring,true
pet,1042,"Mists of Pandaria",Reputation,true
pet,1061,"World Event","Darkmoon Faire",true
pet,1062,,,true
pet,1063,"World Event","Darkmoon Faire",true
pet,1068,,,true
pet,1073,"Wrath of the Lich King",Treasure,true
pet,1117,Promotional,"Blizzard Store",true
pet,1124,"Mists of Pandaria","Pet Battle",true
pet,1125,"Mists of Pandaria","Pet Battle",true
pet,1126,"Mists of Pandaria","Pet Battle",true
pet,1127,Promotional,"Non-US Region",true
pet,1128,,,true
pet,1142,"World Event","Brawler's Guild",true
pet,1143,"Raiding With Leashes","Raiding With Leashes",true
pet,1144,"Raiding With Leashes","Raiding With Leashes",true
pet,1145,"Raiding With Leashes","Raiding With Leashes",true
pet,1146,"Raiding With Leashes","Raiding With Leashes",true
pet,1147,"Raiding With Leashes","Raiding With Leashes",true
pet,1149,"Raiding With Leashes","Raiding With Leashes",true
pet,1150,"Raiding With Leashes","Raiding With Leashes",true
pet,1151,"Raiding With Leashes","Raiding With Leashes",true
pet,1152,"Raiding With Leashes","Raiding With Leashes",true
pet,1153,"Raiding With Leashes","Raiding With Leashes",true
pet,1154,"Raiding With Leashes","Raiding With Leashes",true
pet,1155,"Raiding With Leashes","Raiding With Leashes",true
pet,1156,"Raiding With Leashes","Raiding With Leashes",true
pet,1157,,,true
pet,1158,,,true
pet,1159,,,true
pet,1160,,,true
pet,1161,,,true
pet,1162,,,true
pet,1163,,,true
pet,1164,,,true
pet,1165,,,true
pet,1166,,,true
pet,1167,,,true
pet,1168,Promotional,Other,true
pet,1174,Promotional,"Trading Card Game / Auction House",true
pet,1175,,,true
pet,1176,"Mists of Pandaria","Pet Battle",true
pet,1177,"Mists of Pandaria","Raid Drop",true
pet,1178,"Mists of Pandaria","World Drop",true
pet,1179,,,true
pet,1180,"Mists of Pandaria","World Drop",true
pet,1181,,,true
pet,1182,,,true
pet,1183,"Mists of Pandaria","Raid Drop",true
pet,1184,,Achievement,true
pet,1185,"Mists of Pandaria",Quest,true
pet,1196,"Mists of Pandaria","Pet Battle",true
pet,1197,"Mists of Pandaria","Pet Battle",true
pet,1198,"Mists of Pandaria","Pet Battle",true
pet,1200,"Mists of Pandaria","Raid Drop",true
pet,1201,"Mists of Pandaria",Rare,true
pet,1202,"Mists of Pandaria","Raid Drop",true
pet,1204,Profession,Engineering,true
pet,1205,"Mists of Pandaria","World Drop",true
pet,1206,Profession,Fishing,true
pet,1207,Profession,Fishing,true
pet,1208,Profession,Fishing,true
pet,1209,Profession,Fishing,true
pet,1211,"Mists of Pandaria","World Drop",true
pet,1212,"Mists of Pandaria","World Drop",true
pet,1213,"Mists of Pandaria","World Drop",true
pet,1226,"Raiding With Leashes","II: Attunement Edition",true
pet,1227,"Raiding With Leashes","II: Attunement Edition",true
pet,1228,"Raiding With Leashes","II: Attunement Edition",true
pet,1229,"Raiding With Leashes","II: Attunement Edition",true
pet,1230,"Raiding With Leashes","II: Attunement Edition",true
pet,1231,"Raiding With Leashes","II: Attunement Edition",true
pet,1232,"Raiding With Leashes","II: Attunement Edition",true
pet,1233,"Raiding With Leashes","II: Attunement Edition",true
pet,1234,"Raiding With Leashes","II: Attunement Edition",true
pet,1235,"Raiding With Leashes","II: Attunement Edition",true
pet,1236,"Raiding With Leashes","II: Attunement Edition",true
pet,1237,Classic,"World Drop: Kalimdor",true
pet,1238,,,true
pet,1243,"Mists of Pandaria","Raid Drop",true
pet,1244,"Mists of Pandaria","Raid Drop",true
pet,1245,"Mists of Pandaria","World Drop",true
pet,1248,Promotional,"Blizzard Store",true
pet,1255,Promotional,"StarCraft II",true
pet,1256,Profession,Engineering,true
pet,1266,"Mists of Pandaria","Celestial Tournament",true
pet,1276,"World Event","Darkmoon Faire",true
pet,1303,"Mists of Pandaria","Celestial Tournament",true
pet,1304,"Mists of Pandaria","Celestial Tournament",true
pet,1305,"Mists of Pandaria","Celestial Tournament",true
pet,1320,Profession,Engineering,true
pet,1321,"Mists of Pandaria","World Drop",true
pet,1322,"Mists of Pandaria","Raid Drop",true
pet,1323,"Mists of Pandaria",Rare,true
pet,1324,,,true
pet,1325,,,true
pet,1326,,,true
pet,1328,"Mists of Pandaria",Rare,true
pet,1329,"Mists of Pandaria","World Drop",true
pet,1330,"Mists of Pandaria",Rare,true
pet,1331,"Mists of Pandaria","Raid Drop",true
pet,1332,"Mists of Pandaria","Raid Drop",true
pet,1333,"Mists of Pandaria","World Drop",true
pet,1334,"Mists of Pandaria","Raid Drop",true
pet,1335,"Mists of Pandaria","World Drop",true
pet,1336,"Mists of Pandaria","World Drop",true
pet,1337,"Mists of Pandaria",Rare,true
pet,1338,"Mists of Pandaria",Rare,true
pet,1343,"Mists of Pandaria","World Drop",true
pet,1344,"Mists of Pandaria",Vendor,true
pet,1345,"Mists of Pandaria",Rare,true
pet,1346,"Mists of Pandaria",Reputation,true
pet,1348,"Mists of Pandaria",Rare,true
pet,1349,"World Event","Feast of Winter Veil",true
pet,1350,"Mists of Pandaria",Vendor,true
pet,1351,"World Event",DotD,true
pet,1363,Promotional,"Blizzard Store",true
pet,1364,Promotional,Blizzcon,true
pet,1365,Promotional,"Diablo III",true
pet,1384,"World Event","Darkmoon Faire",true
pet,1385,"Warlords of Draenor","Mastering the Menagerie",true
pet,1386,Promotional,"Blizzard Store",true
pet,1387,"Warlords of Draenor",Quest,true
pet,1394,"Warlords of Draenor","Mastering the Menagerie",true
pet,1395,Profession,Cooking,true
pet,1396,"Warlords of Draenor",Vendor,true
pet,1403,Profession,Engineering,true
pet,1411,"Warlords of Draenor",Achievement,true
pet,1412,Profession,Engineering,true
pet,1416,"Warlords of Draenor",Treasure,true
pet,1426,Profession,Tailoring,true
pet,1427,,,true
pet,1428,"Warlords of Draenor","World Drop",true
pet,1429,Legion,"Pet Charm",true
pet,1430,"Warlords of Draenor",Reputation,true
pet,1432,"Warlords of Draenor","World Drop",true
pet,1434,"Warlords of Draenor","Mastering the Menagerie",true
pet,1435,,,true
pet,1441,,,true
pet,1442,"Warlords of Draenor","Mastering the Menagerie",true
pet,1446,"Warlords of Draenor",Quest,true
pet,1447,,,true
pet,1448,"Warlords of Draenor",Reputation,true
pet,1449,Other,"Guild Vendor",true
pet,1450,"Warlords of Draenor",Reputation,true
pet,1451,"World Event",Anniversary,true
pet,1453,Legion,"Pet Charm",true
pet,1454,Promotional,Blizzcon,true
pet,1455,,,true
pet,1456,,,true
pet,1457,,,true
pet,1458,"Warlords of Draenor",Reputation,true
pet,1462,,,true
pet,1463,,,true
pet,1464,,,true
pet,1465,,,true
pet,1466,Promotional,"Blizzard Store",true
pet,1467,Profession,Engineering,true
pet,1468,,,true
pet,1469,,,true
pet,1470,,,true
pet,1471,"Warlords of Draenor",Treasure,true
pet,1478,"World Event","Darkmoon Faire",true
pet,1495,"Warlords of Draenor","World Drop",true
pet,1511,"World Event","Love is in the Air",true
pet,1514,"World Event",Noblegarden,true
pet,1515,"Warlords of Draenor",Treasure,true
pet,1516,"World Event","Pilgrim's Bounty",true
pet,1517,"World Event","Midsummer Fire Festival",true
pet,1518,"World Event",Brewfest,true
pet,1521,"World Event","Hallow's End",true
pet,1523,"World Event","Hallow's End",true
pet,1524,"Warlords of Draenor",Rare,true
pet,1530,Profession,Archaeology,true
pet,1531,Profession,Archaeology,true
pet,1532,"Warlords of Draenor",Quest,true
pet,1533,"Warlords of Draenor","Dungeon Drop",true
pet,1536,"Warlords of Draenor","Tanaan Pet Battle",true
pet,1537,"Warlords of Draenor",Treasure,true
pet,1538,"Warlords of Draenor",Treasure,true
pet,1539,"Warlords of Draenor","Tanaan Pet Battle",true
pet,1540,"Warlords of Draenor",Rare,true
pet,1541,"Warlords of Draenor",Rare,true
pet,1542,"Warlords of Draenor",Reputation,true
pet,1543,"Warlords of Draenor",Treasure,true
pet,1544,"World Event",Anniversary,true
pet,1545,"Warlords of Draenor","Mastering the Menagerie",true
pet,1546,,Collect,true
pet,1563,Classic,"World Drop: Eastern Kingdoms",true
pet,1564,"Warlords of Draenor",Rare,true
pet,1565,Profession,Engineering,true
pet,1566,"Warlords of Draenor",Quest,true
pet,1567,"Warlords of Draenor",Quest,true
pet,1568,"Warlords of Draenor","Mastering the Menagerie",true
pet,1569,Profession,Blacksmithing,true
pet,1570,"Warlords of Draenor","Mastering the Menagerie",true
pet,1571,"Warlords of Draenor",Reputation,true
pet,1572,,,true
pet,1573,,,true
pet,1574,"Warlords of Draenor",Reputation,true
pet,1575,"Warlords of Draenor",Reputation,true
pet,1576,"Warlords of Draenor",Rare,true
pet,1577,"Warlords of Draenor","Pet Charm",true
pet,1578,,,true
pet,1579,,,true
pet,1581,,,true
pet,1582,,,true
pet,1583,,,true
pet,1586,,,true
pet,1587,,,true
pet,1588,"Warlords of Draenor","Pet Charm",true
pet,1589,,,true
pet,1590,,,true
pet,1591,,,true
pet,1592,,,true
pet,1593,,,true
pet,1594,,,true
pet,1595,,,true
pet,1596,"Warlords of Draenor",Vendor,true
pet,1597,"Warlords of Draenor",Vendor,true
pet,1598,"Warlords of Draenor","Pet Charm",true
pet,1599,,,true
pet,1600,"Warlords of Draenor","Critters of Draenor",true
pet,1601,"Warlords of Draenor",Rare,true
pet,1602,Promotional,Blizzcon,true
pet,1603,Promotional,"Blizzard Store",true
pet,1604,"Wrath of the Lich King",Treasure,true
pet,1605,,Achievement,true
pet,1615,,,true
pet,1622,"Raiding With Leashes","III: Drinkin' From the Sunwell",true
pet,1623,"Raiding With Leashes","III: Drinkin' From the Sunwell",true
pet,1624,"Raiding With Leashes","III: Drinkin' From the Sunwell",true
pet,1625,"Raiding With Leashes","III: Drinkin' From the Sunwell",true
pet,1626,"Raiding With Leashes","III: Drinkin' From the Sunwell",true
pet,1627,"Raiding With Leashes","III: Drinkin' From the Sunwell",true
pet,1628,"Raiding With Leashes","III: Drinkin' From the Sunwell",true
pet,1629,"Raiding With Leashes","III: Drinkin' From the Sunwell",true
pet,1631,"Raiding With Leashes","III: Drinkin' From the Sunwell",true
pet,1632,"Raiding With Leashes","III: Drinkin' From the Sunwell",true
pet,1633,"Raiding With Leashes","III: Drinkin' From the Sunwell",true
pet,1634,"Raiding With Leashes","III: Drinkin' From the Sunwell",true
pet,1635,"Raiding With Leashes","III: Drinkin' From the Sunwell",true
pet,1636,"World Event","Darkmoon Faire",true
pet,1639,Promotional,HotS,true
pet,1655,"Warlords of Draenor","Critters of Draenor",true
pet,1656,"Warlords of Draenor","Critters of Draenor",true
pet,1660,"Warlords of Draenor",Rare,true
pet,1661,"Warlords of Draenor","Pet Charm",true
pet,1662,"Warlords of Draenor","Table Missions",true
pet,1663,"Warlords of Draenor","Tanaan Pet Battle",true
pet,1664,"Warlords of Draenor","Tanaan Pet Battle",true
pet,1665,"World Event","Darkmoon Faire",true
pet,1666,"World Event","Darkmoon Faire",true
pet,1672,"Warlords of Draenor","Raid Drop",true
pet,1687,"Warlords of Draenor","Table Missions",true
pet,1688,"Warlords of Draenor",Vendor,true
pet,1690,"Warlords of Draenor",Quest,true
pet,1691,Promotional,"Collector's Edition",true
pet,1692,"Warlords of Draenor",Reputation,true
pet,1693,"Warlords of Draenor",Reputation,true
pet,1699,Profession,Enchanting,true
pet,1700,Profession,Enchanting,true
pet,1701,Profession,Enchanting,true
pet,1705,Legion,Quest,true
pet,1706,Legion,Quest,true
pet,1708,,,true
pet,1709,,,true
pet,1710,,,true
pet,1711,Legion,Quest,true
pet,1712,,,true
pet,1713,,,true
pet,1714,,,true
pet,1715,Legion,"Pet Charm",true
pet,1716,Legion,Reputation,true
pet,1717,Legion,Reputation,true
pet,1718,Legion,"Order Hall",true
pet,1719,Legion,"World Drop",true
pet,1720,Legion,Quest,true
pet,1721,Legion,Rare,true
pet,1722,,,true
pet,1723,Legion,"Raid Drop",true
pet,1725,"World Event","Feast of Winter Veil",true
pet,1726,,,true
pet,1727,"Wrath of the Lich King",Vendor,true
pet,1728,,,true
pet,1729,,,true
pet,1730,,,true
pet,1731,,,true
pet,1734,,,true
pet,1735,,,true
pet,1736,,,true
pet,1737,,,true
pet,1738,,,true
pet,1739,,,true
pet,1740,,,true
pet,1741,,,true
pet,1743,,,true
pet,1744,,,true
pet,1749,,,true
pet,1750,,,true
pet,1751,"Past Limited Time","Remix: Legion",true
pet,1752,Legion,Rare,true
pet,1753,Legion,Rare,true
pet,1754,Legion,Vendor,true
pet,1755,Legion,"Pet Charm",true
pet,1756,Profession,Alchemy,true
pet,1759,Profession,Alchemy,true
pet,1760,Legion,"Pet Charm",true
pet,1761,,,true
pet,1762,,,true
pet,1763,,,true
pet,1764,"Warlords of Draenor",Rare,true
pet,1765,"Warlords of Draenor",Rare,true
pet,1766,"Warlords of Draenor",Rare,true
pet,1773,,,true
pet,1774,,,true
pet,1775,,,true
pet,1776,,,true
pet,1777,Legion,"Order Hall",true
pet,1778,,,true
pet,1802,Legion,Rare,true
pet,1803,Legion,Emissary,true
pet,1804,Legion,Rare,true
pet,1805,Legion,"Pet Charm",true
pet,1806,Profession,Engineering,true
pet,1807,,,true
pet,1808,Legion,Falanaar,true
pet,1809,,,true
pet,1810,,,true
pet,1828,Promotional,Overwatch,true
pet,1884,Legion,Reputation,true
pet,1885,Legion,Reputation,true
pet,1886,Profession,Engineering,true
pet,1887,Profession,Archaeology,true
pet,1888,Legion,Vendor,true
pet,1889,Legion,"Pre-Launch Event",true
pet,1890,"World Event",Anniversary,true
pet,1903,Legion,Achievement,true
pet,1907,Legion,Rare,true
pet,1911,Legion,Reputation,true
pet,1912,,,true
pet,1913,,,true
pet,1914,,,true
pet,1915,,,true
pet,1917,,,true
pet,1918,,Honor,true
pet,1919,,Honor,true
pet,1920,Profession,Alchemy,true
pet,1921,Legion,Quest,true
pet,1922,Legion,Quest,true
pet,1926,Legion,Riddle,true
pet,1927,Legion,Reputation,true
pet,1928,Legion,"Order Hall",true
pet,1929,Legion,"Order Hall",true
pet,1930,Legion,Achievement,true
pet,1931,Legion,Reputation,true
pet,1932,Legion,"Order Hall",true
pet,1933,Legion,Achievement,true
pet,1934,Legion,Rare,true
pet,1935,,,true
pet,1936,Promotional,"Blizzard Store",true
pet,1937,Legion,Emissary,true
pet,1938,Legion,Achievement,true
pet,1939,Promotional,Blizzcon,true
pet,1940,Promotional,Blizzcon,true
pet,1941,Legion,"Order Hall",true
pet,1943,"World Event",Noblegarden,true
pet,1949,"World Event","Midsummer Fire Festival",true
pet,1952,"Raiding With Leashes","IV: Wrath of the Lick King",true
pet,1953,"Wrath of the Lich King","Raid Drop",true
pet,1954,"Raiding With Leashes","IV: Wrath of the Lick King",true
pet,1955,"Raiding With Leashes","IV: Wrath of the Lick King",true
pet,1956,"Raiding With Leashes","IV: Wrath of the Lick King",true
pet,1957,"Raiding With Leashes","IV: Wrath of the Lick King",true
pet,1958,"Raiding With Leashes","IV: Wrath of the Lick King",true
pet,1959,"Raiding With Leashes","IV: Wrath of the Lick King",true
pet,1960,"Raiding With Leashes","IV: Wrath of the Lick King",true
pet,1961,"Raiding With Leashes","IV: Wrath of the Lick King",true
pet,1962,"Raiding With Leashes","IV: Wrath of the Lick King",true
pet,1963,"Raiding With Leashes","IV: Wrath of the Lick King",true
pet,1964,"Raiding With Leashes","IV: Wrath of the Lick King",true
pet,1965,"Raiding With Leashes","IV: Wrath of the Lick King",true
pet,1966,"Raiding With Leashes","IV: Wrath of the Lick King",true
pet,1967,"Raiding With Leashes","IV: Wrath of the Lick King",true
pet,1968,"Raiding With Leashes","IV: Wrath of the Lick King",true
pet,1969,"Raiding With Leashes","IV: Wrath of the Lick King",true
pet,1974,Legion,Falcosaur,true
pet,1975,Legion,Falcosaur,true
pet,1976,Legion,Falcosaur,true
pet,1977,Legion,Falcosaur,true
pet,1978,,Honor,true
pet,1979,,Honor,true
pet,1984,Classic,"World Drop: Kalimdor",true
pet,1997,Legion,"Order Hall",true
pet,1998,"Pet Battle Dungeon","Challenge: Wailing Caverns",true
pet,1999,"Pet Battle Dungeon","Challenge: Wailing Caverns",true
pet,2000,"Pet Battle Dungeon","Challenge: Wailing Caverns",true
pet,2001,Legion,"Pet Battle",true
pet,2002,"World Event","Hallow's End",true
pet,2003,,Collect,true
pet,2004,Legion,Reputation,true
pet,2017,"World Event",Timewalking,true
pet,2018,"World Event",Timewalking,true
pet,2022,"World Event","Brawler's Guild",true
pet,2035,Legion,"Order Hall",true
pet,2036,Legion,"Order Hall",true
pet,2037,Legion,"Order Hall",true
pet,2041,"Pet Battle Dungeon","Challenge: Deadmines",true
pet,2042,Legion,Treasure,true
pet,2047,Legion,"Order Hall",true
pet,2049,"Pet Battle Dungeon","Challenge: Wailing Caverns",true
pet,2050,Legion,"Paragon Reputation",true
pet,2051,Promotional,"Blizzard Store",true
pet,2057,"Pet Battle Dungeon","Challenge: Deadmines",true
pet,2058,"Pet Battle Dungeon","Challenge: Deadmines",true
pet,2062,Promotional,"Blizzard Store",true
pet,2063,Profession,Pickpocketing,true
pet,2064,"Pet Battle Dungeon","Challenge: Deadmines",true
pet,2065,Profession,Pickpocketing,true
pet,2071,Legion,"Deaths of Chromie",true
pet,2072,Legion,"Deaths of Chromie",true
pet,2076,"World Event",,true
pet,2077,Legion,Reputation,true
pet,2078,"Raiding With Leashes","V: Cuteaclysm",true
pet,2079,"Raiding With Leashes","V: Cuteaclysm",true
pet,2080,"Raiding With Leashes","V: Cuteaclysm",true
pet,2081,"Raiding With Leashes","V: Cuteaclysm",true
pet,2082,"Raiding With Leashes","V: Cuteaclysm",true
pet,2083,"Raiding With Leashes","V: Cuteaclysm",true
pet,2084,"Raiding With Leashes","V: Cuteaclysm",true
pet,2085,"Raiding With Leashes","V: Cuteaclysm",true
pet,2086,"Raiding With Leashes","V: Cuteaclysm",true
pet,2087,"Raiding With Leashes","V: Cuteaclysm",true
pet,2088,"Raiding With Leashes","V: Cuteaclysm",true
pet,2089,"Raiding With Leashes","V: Cuteaclysm",true
pet,2090,"Raiding With Leashes","V: Cuteaclysm",true
pet,2091,"Raiding With Leashes","V: Cuteaclysm",true
pet,2092,"Raiding With Leashes","V: Cuteaclysm",true
pet,2093,"Raiding With Leashes","V: Cuteaclysm",true
pet,2113,Legion,Achievement,true
pet,2114,,,true
pet,2115,Legion,Vendor,true
pet,2116,Legion,Reputation,true
pet,2117,Profession,Herbalism,true
pet,2118,Legion,"Fel Egg",true
pet,2119,Legion,"Fel Egg",true
pet,2120,Legion,Rare,true
pet,2121,Profession,Skinning,true
pet,2122,,,true
pet,2123,,,true
pet,2124,,,true
pet,2126,,,true
pet,2127,,,true
pet,2128,,,true
pet,2129,,,true
pet,2130,,,true
pet,2131,,,true
pet,2132,,,true
pet,2133,,,true
pet,2134,,,true
pet,2135,Legion,Rare,true
pet,2136,Legion,Rare,true
pet,2143,Promotional,"Collector's Edition",true
pet,2157,"Battle for Azeroth",Quest,true
pet,2158,Legion,Achievement,true
pet,2163,Classic,"World Drop: Kalimdor",true
pet,2165,"Battle for Azeroth",Vendor,true
pet,2184,Promotional,"Blizzard Store",true
pet,2185,Promotional,"Blizzard Store",true
pet,2186,"Battle for Azeroth","Dungeon Drop",true
pet,2187,"Battle for Azeroth","Dungeon Drop",true
pet,2188,"Battle for Azeroth",Quest,true
pet,2189,"Battle for Azeroth","Pet Charm",true
pet,2190,"Battle for Azeroth",Quest,true
pet,2192,"Battle for Azeroth",Quest,true
pet,2196,"Battle for Azeroth","Pet Charm",true
pet,2197,Profession,Archaeology,true
pet,2198,"Battle for Azeroth",Quest,true
pet,2199,Profession,Archaeology,true
pet,2201,Profession,Enchanting,true
pet,2202,"Battle for Azeroth",Achievement,true
pet,2352,"Battle for Azeroth",Riddle,true
pet,2372,,,true
pet,2373,,,true
pet,2374,,,true
pet,2375,,,true
pet,2376,,,true
pet,2377,,,true
pet,2378,,,true
pet,2379,,,true
pet,2380,,,true
pet,2381,,,true
pet,2382,,,true
pet,2383,,,true
pet,2384,,,true
pet,2385,,,true
pet,2386,,,true
pet,2387,,,true
pet,2388,,,true
pet,2389,,,true
pet,2390,,,true
pet,2392,,,true
pet,2393,,,true
pet,2394,,,true
pet,2395,,,true
pet,2397,,,true
pet,2398,,,true
pet,2399,,,true
pet,2400,,,true
pet,2401,,Collect,true
pet,2402,,Toys,true
pet,2403,"Battle for Azeroth","Pet Charm",true
pet,2404,"Battle for Azeroth",Reputation,true
pet,2405,"Battle for Azeroth",Reputation,true
pet,2406,"Battle for Azeroth","Pet Charm",true
pet,2407,"Battle for Azeroth","Pet Charm",true
pet,2408,"Battle for Azeroth","Pet Charm",true
pet,2409,"Battle for Azeroth",Quest,true
pet,2410,"Battle for Azeroth",Quest,true
pet,2411,"Battle for Azeroth",Treasure,true
pet,2412,"Battle for Azeroth","Pet Charm",true
pet,2413,"Battle for Azeroth","Pet Charm",true
pet,2414,"Battle for Azeroth","Pet Charm",true
pet,2415,"Battle for Azeroth",Reputation,true
pet,2416,"Battle for Azeroth","Pet Charm",true
pet,2417,"Battle for Azeroth","Pet Charm",true
pet,2418,"Battle for Azeroth",Achievement,true
pet,2419,"Battle for Azeroth","Pet Charm",true
pet,2420,"Battle for Azeroth","Pet Charm",true
pet,2421,"Battle for Azeroth","Pet Charm",true
pet,2422,"Battle for Azeroth","Pet Charm",true
pet,2423,"Battle for Azeroth","Pet Charm",true
pet,2424,"Battle for Azeroth","Pet Charm",true
pet,2425,"Battle for Azeroth","Pet Charm",true
pet,2426,"Battle for Azeroth","Pet Charm",true
pet,2427,"Battle for Azeroth",Reputation,true
pet,2428,"Battle for Azeroth","Pet Charm",true
pet,2429,"Battle for Azeroth",Reputation,true
pet,2430,"Battle for Azeroth",Vendor,true
pet,2431,"Battle for Azeroth",Achievement,true
pet,2432,"Battle for Azeroth","Warfront: Arathi",true
pet,2433,"Battle for Azeroth","Warfront: Arathi",true
pet,2434,"Battle for Azeroth","Warfront: Arathi",true
pet,2435,"Battle for Azeroth","Warfront: Arathi",true
pet,2436,"Battle for Azeroth","Warfront: Arathi",true
pet,2437,"Battle for Azeroth","Warfront: Arathi",true
pet,2438,"Battle for Azeroth","Warfront: Arathi",true
pet,2439,"Battle for Azeroth",Reputation,true
pet,2440,"Battle for Azeroth","Warfront: Arathi",true
pet,2441,"Battle for Azeroth","Warfront: Arathi",true
pet,2442,"Battle for Azeroth",Achievement,true
pet,2443,"Battle for Azeroth",Reputation,true
pet,2444,"Battle for Azeroth",Reputation,true
pet,2445,"Battle for Azeroth","Island Expeditions",true
pet,2446,"Battle for Azeroth","Island Expeditions",true
pet,2447,"Battle for Azeroth","Island Expeditions",true
pet,2448,"Battle for Azeroth","Island Expeditions",true
pet,2449,"Battle for Azeroth","Island Expeditions",true
pet,2450,"Battle for Azeroth","Island Expeditions",true
pet,2451,"Battle for Azeroth","Island Expeditions",true
pet,2452,"Battle for Azeroth","Island Expeditions",true
pet,2453,"Battle for Azeroth","Island Expeditions",true
pet,2454,"Battle for Azeroth","Island Expeditions",true
pet,2455,"Battle for Azeroth","Island Expeditions",true
pet,2456,"Battle for Azeroth","Island Expeditions",true
pet,2457,"Battle for Azeroth","Island Expeditions",true
pet,2458,"Battle for Azeroth","Island Expeditions",true
pet,2459,"Battle for Azeroth","Island Expeditions",true
pet,2460,"Battle for Azeroth","Island Expeditions",true
pet,2461,"Battle for Azeroth","Island Expeditions",true
pet,2462,"Battle for Azeroth","Island Expeditions",true
pet,2463,"Battle for Azeroth","Island Expeditions",true
pet,2464,"Battle for Azeroth","Island Expeditions",true
pet,2465,"Battle for Azeroth","Island Expeditions",true
pet,2466,"Battle for Azeroth","Island Expeditions",true
pet,2467,"Battle for Azeroth","Island Expeditions",true
pet,2468,"Battle for Azeroth","Island Expeditions",true
pet,2469,"Battle for Azeroth","Island Expeditions",true
pet,2471,"Battle for Azeroth","Island Expeditions",true
pet,2472,"Battle for Azeroth","Island Expeditions",true
pet,2473,"Battle for Azeroth","Island Expeditions",true
pet,2474,Profession,Alchemy,true
pet,2475,Profession,Alchemy,true
pet,2476,Profession,Alchemy,true
pet,2477,Profession,Alchemy,true
pet,2478,,Honor,true
pet,2479,,Honor,true
pet,2482,"World Event","Darkmoon Faire",true
pet,2483,"World Event","Darkmoon Faire",true
pet,2484,"World Event","Darkmoon Faire",true
pet,2525,Classic,Rare,true
pet,2526,"Battle for Azeroth",Quest,true
pet,2527,"Battle for Azeroth","Raid Drop",true
pet,2528,"Battle for Azeroth","Raid Drop",true
pet,2529,"Battle for Azeroth","Raid Drop",true
pet,2530,Profession,Engineering,true
pet,2531,"Pet Battle Dungeon","Challenge: Gnomeregan",true
pet,2532,"Pet Battle Dungeon","Challenge: Gnomeregan",true
pet,2533,"Pet Battle Dungeon","Challenge: Gnomeregan",true
pet,2534,"Pet Battle Dungeon","Challenge: Gnomeregan",true
pet,2535,"Battle for Azeroth",Achievement,true
pet,2537,,,true
pet,2538,"Battle for Azeroth",Rare,true
pet,2539,"Battle for Azeroth",Medals,true
pet,2540,"Battle for Azeroth",Medals,true
pet,2541,"The War Within","Siren Isle",true
pet,2544,"Battle for Azeroth","Warfront: Darkshore",true
pet,2545,"Battle for Azeroth","Warfront: Darkshore",true
pet,2546,"Battle for Azeroth","Warfront: Darkshore",true
pet,2547,"Battle for Azeroth","Warfront: Darkshore",true
pet,2548,"Battle for Azeroth","Warfront: Darkshore",true
pet,2549,"Battle for Azeroth","Warfront: Darkshore",true
pet,2550,"Battle for Azeroth","Warfront: Darkshore",true
pet,2551,"Battle for Azeroth","Island Expeditions",true
pet,2552,"Battle for Azeroth","Island Expeditions",true
pet,2553,"Battle for Azeroth","Island Expeditions",true
pet,2554,"Battle for Azeroth","Island Expeditions",true
pet,2555,"Battle for Azeroth",Dubloons,true
pet,2556,"Battle for Azeroth","Island Expeditions",true
pet,2557,"Battle for Azeroth","Island Expeditions",true
pet,2558,"Battle for Azeroth","Island Expeditions",true
pet,2559,"Battle for Azeroth","Island Expeditions",true
pet,2560,"Battle for Azeroth","Island Expeditions",true
pet,2561,"Battle for Azeroth","Island Expeditions",true
pet,2562,"Battle for Azeroth",Dubloons,true
pet,2563,"Battle for Azeroth","Warfront: Darkshore",true
pet,2564,"Battle for Azeroth",Assault,true
pet,2565,"Battle for Azeroth",Assault,true
pet,2566,"Battle for Azeroth","Paragon Reputation",true
pet,2567,"Battle for Azeroth","Paragon Reputation",true
pet,2568,"Battle for Azeroth","Paragon Reputation",true
pet,2569,"Battle for Azeroth","Paragon Reputation",true
pet,2575,"World Event","Children's Week",true
pet,2576,"World Event","Children's Week",true
pet,2577,"World Event","Children's Week",true
pet,2578,"World Event","Children's Week",true
pet,2579,"Raiding With Leashes","VI: Pets of Pandaria",true
pet,2580,"Raiding With Leashes","VI: Pets of Pandaria",true
pet,2581,"Raiding With Leashes","VI: Pets of Pandaria",true
pet,2582,"Raiding With Leashes","VI: Pets of Pandaria",true
pet,2583,"Raiding With Leashes","VI: Pets of Pandaria",true
pet,2584,"Raiding With Leashes","VI: Pets of Pandaria",true
pet,2585,"Raiding With Leashes","VI: Pets of Pandaria",true
pet,2586,"Raiding With Leashes","VI: Pets of Pandaria",true
pet,2587,"Raiding With Leashes","VI: Pets of Pandaria",true
pet,2589,"Raiding With Leashes","VI: Pets of Pandaria",true
pet,2590,"Raiding With Leashes","VI: Pets of Pandaria",true
pet,2591,"Raiding With Leashes","VI: Pets of Pandaria",true
pet,2621,Other,BMAH,true
pet,2622,"World Event","Feast of Winter Veil",true
pet,2623,Promotional,"Blizzard Store",true
pet,2638,"Pet Battle Dungeon","Challenge: Stratholme",true
pet,2645,,,true
pet,2646,,,true
pet,2647,,,true
pet,2648,,,true
pet,2649,,,true
pet,2650,,,true
pet,2651,,,true
pet,2652,,,true
pet,2653,,,true
pet,2657,,,true
pet,2658,,,true
pet,2659,,,true
pet,2660,,,true
pet,2661,,,true
pet,2662,,,true
pet,2663,,,true
pet,2664,,,true
pet,2665,,,true
pet,2666,,,true
pet,2667,,,true
pet,2668,,,true
pet,2669,,,true
pet,2670,,,true
pet,2671,,,true
pet,2672,,,true
pet,2673,,,true
pet,2674,,,true
pet,2675,,,true
pet,2676,,,true
pet,2677,,,true
pet,2678,,,true
pet,2680,"Battle for Azeroth","Raid Drop",true
pet,2681,"Battle for Azeroth",Rare,true
pet,2682,"Battle for Azeroth",Rare,true
pet,2683,"Battle for Azeroth",Achievement,true
pet,2684,"Battle for Azeroth",Rare,true
pet,2685,"Battle for Azeroth",Treasure,true
pet,2686,"Battle for Azeroth",Rare,true
pet,2687,"Battle for Azeroth",Quest,true
pet,2688,"Battle for Azeroth",Quest,true
pet,2689,"Battle for Azeroth",Rare,true
pet,2690,"Battle for Azeroth",Rare,true
pet,2691,"Battle for Azeroth","Nazjatar PvP",true
pet,2692,"Battle for Azeroth","Raid Drop",true
pet,2693,"Battle for Azeroth",Rare,true
pet,2694,"Battle for Azeroth","Raid Drop",true
pet,2695,"Battle for Azeroth",Rare,true
pet,2696,"Battle for Azeroth","Raid Drop",true
pet,2697,"Battle for Azeroth",Rare,true
pet,2698,"Battle for Azeroth",Reputation,true
pet,2699,"Battle for Azeroth",Reputation,true
pet,2700,"Battle for Azeroth",Rare,true
pet,2701,"Battle for Azeroth",Rare,true
pet,2702,"Battle for Azeroth",Rare,true
pet,2703,"Battle for Azeroth",Rare,true
pet,2704,"Battle for Azeroth",Rare,true
pet,2706,"Battle for Azeroth",Rare,true
pet,2707,"Battle for Azeroth",Rare,true
pet,2708,"Battle for Azeroth",Rare,true
pet,2709,"Battle for Azeroth",Rare,true
pet,2710,"Battle for Azeroth",Vendor,true
pet,2711,"Battle for Azeroth","Dungeon Drop",true
pet,2712,"Battle for Azeroth",Rare,true
pet,2713,"Battle for Azeroth",Reputation,true
pet,2714,"Battle for Azeroth",Rare,true
pet,2715,"Battle for Azeroth",Rare,true
pet,2716,"Battle for Azeroth",Tinkering,true
pet,2717,"Battle for Azeroth",Tinkering,true
pet,2718,"Battle for Azeroth","Dungeon Drop",true
pet,2719,"Battle for Azeroth",Rare,true
pet,2720,"Battle for Azeroth",Rare,true
pet,2721,"Battle for Azeroth",Treasure,true
pet,2747,"Pet Battle Dungeon","Challenge: Stratholme",true
pet,2748,"Pet Battle Dungeon","Challenge: Stratholme",true
pet,2749,"Pet Battle Dungeon","Challenge: Stratholme",true
pet,2750,"Pet Battle Dungeon","Challenge: Stratholme",true
pet,2753,"Battle for Azeroth",Rare,true
pet,2754,"Battle for Azeroth","Island Expeditions",true
pet,2755,"Battle for Azeroth","Island Expeditions",true
pet,2756,"Battle for Azeroth",Rare,true
pet,2757,"Battle for Azeroth",Treasure,true
pet,2758,"Battle for Azeroth",Treasure,true
pet,2760,"Battle for Azeroth",Treasure,true
pet,2761,"Battle for Azeroth",Treasure,true
pet,2762,"Battle for Azeroth",Treasure,true
pet,2763,"Battle for Azeroth",Treasure,true
pet,2765,"Battle for Azeroth",Treasure,true
pet,2766,"Battle for Azeroth",Rare,true
pet,2767,"Battle for Azeroth",Achievement,true
pet,2776,Promotional,Recruit-A-Friend,true
pet,2777,Promotional,Blizzcon,true
pet,2778,Promotional,Blizzcon,true
pet,2779,Promotional,"Blizzard Store",true
pet,2780,Promotional,"Blizzard Store",true
pet,2792,"Battle for Azeroth","Honey Drop",true
pet,2793,"Battle for Azeroth","Honey Drop",true
pet,2794,"Battle for Azeroth","Honey Drop",true
pet,2795,"Battle for Azeroth",Riddle,true
pet,2796,"Battle for Azeroth","Horrific Visions",true
pet,2797,"Battle for Azeroth","Horrific Visions",true
pet,2798,Shadowlands,Quest,true
pet,2832,"Battle for Azeroth","Raid Drop",true
pet,2833,"Battle for Azeroth","Raid Drop",true
pet,2834,"Battle for Azeroth","Raid Drop",true
pet,2835,"Battle for Azeroth","Raid Drop",true
pet,2836,"Battle for Azeroth","Raid Drop",true
pet,2837,Profession,Fishing,true
pet,2838,"Battle for Azeroth","Horrific Visions",true
pet,2839,"Battle for Azeroth","Horrific Visions",true
pet,2840,"Battle for Azeroth","Horrific Visions",true
pet,2841,"Battle for Azeroth","Horrific Visions",true
pet,2842,"Battle for Azeroth","Horrific Visions",true
pet,2843,"Battle for Azeroth","Assault: Uldum",true
pet,2844,"Battle for Azeroth",Achievement,true
pet,2845,"Battle for Azeroth","Assault: Vale of Eternal Blossoms",true
pet,2846,"Battle for Azeroth","Assault: Vale of Eternal Blossoms",true
pet,2847,"Battle for Azeroth","Assault: Uldum",true
pet,2848,"Battle for Azeroth","Assault: Uldum",true
pet,2849,"Battle for Azeroth",Reputation,true
pet,2850,"Battle for Azeroth","Paragon Reputation",true
pet,2851,"Battle for Azeroth","Assault: Uldum",true
pet,2852,"Battle for Azeroth","Paragon Reputation",true
pet,2853,"Battle for Azeroth",Reputation,true
pet,2863,,,true
pet,2864,,,true
pet,2865,,,true
pet,2866,,,true
pet,2867,,,true
pet,2868,"Pet Battle Dungeon","Challenge: Blackrock Depths",true
pet,2869,"Pet Battle Dungeon","Challenge: Blackrock Depths",true
pet,2870,"Pet Battle Dungeon","Challenge: Blackrock Depths",true
pet,2872,"Battle for Azeroth",Quest,true
pet,2878,Shadowlands,Quest,true
pet,2888,Shadowlands,Quest,true
pet,2889,Profession,Engineering,true
pet,2890,Promotional,"Blizzard Store",true
pet,2891,Shadowlands,Rare,true
pet,2892,Shadowlands,Rare,true
pet,2893,Shadowlands,Rare,true
pet,2894,Shadowlands,Treasure,true
pet,2895,,,true
pet,2896,Shadowlands,Rare,true
pet,2897,Shadowlands,Rare,true
pet,2898,Shadowlands,"Dungeon Drop",true
pet,2899,Shadowlands,Reputation,true
pet,2900,Shadowlands,Quest,true
pet,2901,Shadowlands,Treasure,true
pet,2902,,,true
pet,2903,Shadowlands,Zone,true
pet,2904,Shadowlands,"Covenant Sanctum",true
pet,2905,Shadowlands,Treasure,true
pet,2907,Shadowlands,Rare,true
pet,2908,Shadowlands,Rare,true
pet,2909,Shadowlands,Treasure,true
pet,2910,Shadowlands,"Pet Charm",true
pet,2911,Shadowlands,Treasure,true
pet,2912,Shadowlands,"Covenant Sanctum",true
pet,2913,Shadowlands,"Night Fae",true
pet,2914,Shadowlands,Treasure,true
pet,2915,Shadowlands,Reputation,true
pet,2916,Shadowlands,"Paragon Reputation",true
pet,2917,Shadowlands,"Pet Charm",true
pet,2918,Shadowlands,Kyrian,true
pet,2919,,,true
pet,2920,Shadowlands,Rare,true
pet,2921,Shadowlands,Treasure,true
pet,2922,Shadowlands,Adventures,true
pet,2923,Shadowlands,"Covenant Sanctum",true
pet,2924,,,true
pet,2925,Shadowlands,Rare,true
pet,2926,,,true
pet,2927,,,true
pet,2928,Shadowlands,Quest,true
pet,2929,,,true
pet,2930,,,true
pet,2931,Shadowlands,"Covenant Sanctum",true
pet,2932,Shadowlands,Rare,true
pet,2933,Shadowlands,"Covenant Sanctum",true
pet,2934,Shadowlands,Reputation,true
pet,2935,Shadowlands,Treasure,true
pet,2936,,,true
pet,2937,,,true
pet,2938,Shadowlands,Treasure,true
pet,2939,,,true
pet,2940,Shadowlands,Rare,true
pet,2941,Shadowlands,Kyrian,true
pet,2942,Shadowlands,Adventures,true
pet,2943,,,true
pet,2944,Shadowlands,Treasure,true
pet,2945,Shadowlands,"Covenant Sanctum",true
pet,2946,Shadowlands,Adventures,true
pet,2947,Shadowlands,Treasure,true
pet,2948,Shadowlands,Rare,true
pet,2949,Shadowlands,Treasure,true
pet,2950,,,true
pet,2952,Shadowlands,Treasure,true
pet,2953,Shadowlands,Rare,true
pet,2954,Shadowlands,"Covenant Sanctum",true
pet,2955,Shadowlands,Rare,true
pet,2956,Shadowlands,Rare,true
pet,2957,Shadowlands,Rare,true
pet,2958,Shadowlands,Necrolords,true
pet,2959,Shadowlands,"Paragon Reputation",true
pet,2960,Shadowlands,Rare,true
pet,2961,Shadowlands,"Dungeon Drop",true
pet,2962,Shadowlands,Reputation,true
pet,2963,Shadowlands,Necrolords,true
pet,2964,Shadowlands,Rare,true
pet,2965,Shadowlands,"Covenant Sanctum",true
pet,2966,Shadowlands,Venthyr,true
pet,2967,Shadowlands,Venthyr,true
pet,3006,Shadowlands,"Paragon Reputation",true
pet,3007,,,true
pet,3008,Shadowlands,Treasure,true
pet,3009,Shadowlands,Treasure,true
pet,3010,Shadowlands,"Maw Assaults",true
pet,3011,Shadowlands,Venthyr,true
pet,3012,Shadowlands,Venthyr,true
pet,3013,Shadowlands,Treasure,true
pet,3014,,,true
pet,3015,,,true
pet,3016,Shadowlands,"Night Fae",true
pet,3017,Shadowlands,"Pet Charm",true
pet,3018,Shadowlands,"Night Fae",true
pet,3019,Shadowlands,Reputation,true
pet,3020,Shadowlands,Adventures,true
pet,3021,,,true
pet,3022,Shadowlands,Treasure,true
pet,3023,Shadowlands,"Night Fae",true
pet,3024,Shadowlands,Venthyr,true
pet,3025,Shadowlands,Quest,true
pet,3026,Shadowlands,Torghast,true
pet,3027,Shadowlands,Torghast,true
pet,3028,Shadowlands,Torghast,true
pet,3029,Shadowlands,Torghast,true
pet,3030,Shadowlands,Torghast,true
pet,3032,Shadowlands,Torghast,true
pet,3033,Shadowlands,Torghast,true
pet,3034,Shadowlands,Torghast,true
pet,3035,Shadowlands,Rare,true
pet,3036,Shadowlands,"Raid Drop",true
pet,3037,Shadowlands,Rare,true
pet,3038,Shadowlands,Zone,true
pet,3039,Shadowlands,Zone,true
pet,3040,Shadowlands,Rare,true
pet,3041,Shadowlands,Achievement,true
pet,3042,Shadowlands,Kyrian,true
pet,3043,Shadowlands,Necrolords,true
pet,3044,Shadowlands,"Dungeon Drop",true
pet,3045,Shadowlands,Treasure,true
pet,3046,Shadowlands,"Pre-Launch Event",true
pet,3047,Shadowlands,Treasure,true
pet,3049,,,true
pet,3050,,,true
pet,3051,,,true
pet,3052,,,true
pet,3053,Promotional,Blizzcon,true
pet,3054,Shadowlands,Reputation,true
pet,3061,Shadowlands,Kyrian,true
pet,3062,Shadowlands,Kyrian,true
pet,3063,Shadowlands,Rare,true
pet,3064,Shadowlands,"Paragon Reputation",true
pet,3065,Shadowlands,Zone,true
pet,3066,Shadowlands,Quest,true
pet,3067,Shadowlands,Achievement,true
pet,3079,Shadowlands,Achievement,true
pet,3080,,,true
pet,3081,,,true
pet,3082,,,true
pet,3083,,,true
pet,3092,"Mists of Pandaria","Pet Battle",true
pet,3097,Shadowlands,"Pet Charm",true
pet,3098,Shadowlands,"Maw Assaults",true
pet,3099,Shadowlands,"Maw Assaults",true
pet,3100,"World Event",Anniversary,true
pet,3101,Shadowlands,Achievement,true
pet,3102,,,true
pet,3103,Shadowlands,"Maw Assaults",true
pet,3104,Shadowlands,Vendor,true
pet,3105,Shadowlands,Vendor,true
pet,3106,Shadowlands,Vendor,true
pet,3107,Legion,Quest,true
pet,3108,,,true
pet,3109,,,true
pet,3110,Shadowlands,"Dungeon Drop",true
pet,3111,,,true
pet,3112,,,true
pet,3113,Shadowlands,Vendor,true
pet,3114,Shadowlands,"Maw Assaults",true
pet,3115,,,true
pet,3116,Shadowlands,"Maw Assaults",true
pet,3117,Shadowlands,Rare,true
pet,3118,,,true
pet,3119,,,true
pet,3120,,,true
pet,3121,Shadowlands,Zone,true
pet,3122,Shadowlands,"Raid Drop",true
pet,3123,,,true
pet,3124,,,true
pet,3125,Shadowlands,Zone,true
pet,3126,,,true
pet,3127,Shadowlands,Quest,true
pet,3128,Shadowlands,"Raid Drop",true
pet,3129,Shadowlands,"Raid Drop",true
pet,3130,Shadowlands,Torghast,true
pet,3131,Shadowlands,"Raid Drop",true
pet,3132,Shadowlands,Achievement,true
pet,3133,Shadowlands,"Paragon Reputation",true
pet,3134,,,true
pet,3135,,,true
pet,3136,Shadowlands,Rare,true
pet,3137,Shadowlands,"Paragon Reputation",true
pet,3138,Shadowlands,Reputation,true
pet,3139,,,true
pet,3140,Shadowlands,"Paragon Reputation",true
pet,3141,,,true
pet,3153,Promotional,"Blizzard Store",true
pet,3169,Shadowlands,"Protoform Synthesis",true
pet,3170,Shadowlands,"Protoform Synthesis",true
pet,3171,Shadowlands,"Protoform Synthesis",true
pet,3172,Shadowlands,Treasure,true
pet,3173,,,true
pet,3174,Shadowlands,"Protoform Synthesis",true
pet,3175,Promotional,"Blizzard Store",true
pet,3176,Shadowlands,"Protoform Synthesis",true
pet,3177,Promotional,"Collector's Edition",true
pet,3178,Shadowlands,"Protoform Synthesis",true
pet,3179,Shadowlands,"Protoform Synthesis",true
pet,3180,,,true
pet,3181,Shadowlands,"Protoform Synthesis",true
pet,3188,"World Event",,true
pet,3189,Shadowlands,"Protoform Synthesis",true
pet,3190,,,true
pet,3191,,,true
pet,3196,,,true
pet,3197,Shadowlands,"Protoform Synthesis",true
pet,3200,,,true
pet,3201,Shadowlands,"Protoform Synthesis",true
pet,3202,,,true
pet,3203,,,true
pet,3204,Shadowlands,"Protoform Synthesis",true
pet,3205,,,true
pet,3206,,,true
pet,3207,Shadowlands,"Protoform Synthesis",true
pet,3208,,,true
pet,3209,,,true
pet,3210,,,true
pet,3211,Shadowlands,"Protoform Synthesis",true
pet,3212,,,true
pet,3213,,,true
pet,3214,,,true
pet,3215,,,true
pet,3216,,,true
pet,3217,,,true
pet,3218,,,true
pet,3219,,,true
pet,3220,Shadowlands,"Protoform Synthesis",true
pet,3221,Shadowlands,Achievement,true
pet,3222,Shadowlands,"Protoform Synthesis",true
pet,3223,Shadowlands,"Protoform Synthesis",true
pet,3224,Shadowlands,"Protoform Synthesis",true
pet,3225,Shadowlands,"Protoform Synthesis",true
pet,3226,Shadowlands,"Protoform Synthesis",true
pet,3227,Shadowlands,"Protoform Synthesis",true
pet,3229,Shadowlands,"Protoform Synthesis",true
pet,3230,Shadowlands,"Protoform Synthesis",true
pet,3231,Shadowlands,"Protoform Synthesis",true
pet,3232,Shadowlands,"Protoform Synthesis",true
pet,3233,Shadowlands,"Protoform Synthesis",true
pet,3234,Shadowlands,"Protoform Synthesis",true
pet,3235,Shadowlands,"Protoform Synthesis",true
pet,3236,Promotional,"Warcraft Rumble",true
pet,3237,Shadowlands,Quest,true
pet,3242,,,true
pet,3243,"Past Limited Time","Trading Post Originals",true
pet,3244,"Past Limited Time","Trading Post Originals",true
pet,3245,"World Event","Children's Week",true
pet,3247,Shadowlands,Vendor,true
pet,3248,Promotional,Support-A-Streamer,true
pet,3249,Promotional,"Blizzard Store",true
pet,3250,"Past Limited Time","Trading Post Originals",true
pet,3251,"Past Limited Time","Trading Post Originals",true
pet,3252,"Past Limited Time","Trading Post Originals",true
pet,3253,Promotional,"Blizzard Store",true
pet,3254,Promotional,Support-A-Streamer,true
pet,3255,"Past Limited Time","Trading Post Originals",true
pet,3256,Profession,Jewelcrafting,true
pet,3259,Dragonflight,Vendor,true
pet,3260,,,true
pet,3261,Dragonflight,"The Forbidden Reach",true
pet,3262,,Collect,true
pet,3263,,Collect,true
pet,3264,,Collect,true
pet,3265,,Collect,true
pet,3266,,,true
pet,3269,Dragonflight,Treasure,true
pet,3270,Dragonflight,"Pet Charm",true
pet,3272,,,true
pet,3273,,,true
pet,3274,Profession,Blacksmithing,true
pet,3275,Dragonflight,Treasure,true
pet,3276,,,true
pet,3277,,,true
pet,3278,Dragonflight,"Pet Charm",true
pet,3279,Dragonflight,Achievement,true
pet,3280,,,true
pet,3281,,,true
pet,3282,,,true
pet,3283,,,true
pet,3284,Dragonflight,Renown,true
pet,3285,Dragonflight,"The Forbidden Reach",true
pet,3286,Dragonflight,Quest,true
pet,3287,Dragonflight,Vendor,true
pet,3288,,,true
pet,3289,Dragonflight,"Storm Events",true
pet,3290,Dragonflight,"Zskera Vaults",true
pet,3291,Dragonflight,"The Forbidden Reach",true
pet,3292,Dragonflight,Quest,true
pet,3293,Dragonflight,"The Forbidden Reach",true
pet,3294,Dragonflight,Achievement,true
pet,3295,,,true
pet,3296,,,true
pet,3297,"Past Limited Time","Trading Post Originals",true
pet,3299,Dragonflight,"Storm Events",true
pet,3300,,,true
pet,3301,,,true
pet,3302,Dragonflight,Quest,true
pet,3303,Dragonflight,Vendor,true
pet,3306,Profession,Engineering,true
pet,3307,,,true
pet,3309,Dragonflight,Treasure,true
pet,3310,Dragonflight,"Storm Events",true
pet,3311,Dragonflight,"Grand Hunt",true
pet,3313,,,true
pet,3316,Dragonflight,Quest,true
pet,3317,Dragonflight,Renown,true
pet,3318,,,true
pet,3319,Dragonflight,Quest,true
pet,3320,,,true
pet,3321,Dragonflight,Treasure,true
pet,3322,,,true
pet,3323,Dragonflight,"Zskera Vaults",true
pet,3325,Dragonflight,"Grand Hunt",true
pet,3326,Dragonflight,Renown,true
pet,3327,,,true
pet,3328,,,true
pet,3329,,,true
pet,3330,Dragonflight,Vendor,true
pet,3331,Dragonflight,"Zskera Vaults",true
pet,3332,Dragonflight,"Zskera Vaults",true
pet,3333,Dragonflight,"Zskera Vaults",true
pet,3334,Dragonflight,Vendor,true
pet,3335,,,true
pet,3336,,,true
pet,3338,Dragonflight,Treasure,true
pet,3342,Dragonflight,Quest,true
pet,3344,Profession,Jewelcrafting,true
pet,3345,Profession,Jewelcrafting,true
pet,3346,Profession,Jewelcrafting,true
pet,3347,Profession,Jewelcrafting,true
pet,3348,Dragonflight,"Pre-Launch Event",true
pet,3350,Dragonflight,Quest,true
pet,3351,,,true
pet,3352,,,true
pet,3353,,,true
pet,3354,,,true
pet,3355,Dragonflight,"Storm Events",true
pet,3356,,,true
pet,3357,,,true
pet,3358,,,true
pet,3359,Dragonflight,Treasure,true
pet,3360,Dragonflight,Riddle,true
pet,3361,,,true
pet,3362,"The War Within",Treasure,true
pet,3364,,,true
pet,3365,Dragonflight,Treasure,true
pet,3366,,,true
pet,3367,,,true
pet,3368,Dragonflight,Quest,true
pet,3376,Dragonflight,Vendor,true
pet,3378,Dragonflight,Renown,true
pet,3379,Dragonflight,Renown,true
pet,3380,Dragonflight,Renown,true
pet,3381,Dragonflight,Renown,true
pet,3382,Dragonflight,Vendor,true
pet,3384,,,true
pet,3385,,,true
pet,3389,,,true
pet,3390,Profession,Enchanting,true
pet,3403,,,true
pet,3404,,,true
pet,3405,Dragonflight,Quest,true
pet,3406,Dragonflight,Achievement,true
pet,3407,Dragonflight,"Pet Charm",true
pet,3408,Dragonflight,"Pet Charm",true
pet,3409,Dragonflight,"Zapthrottle Soul Inhaler",true
pet,3410,Dragonflight,"Zapthrottle Soul Inhaler",true
pet,3411,Dragonflight,"Zapthrottle Soul Inhaler",true
pet,3412,Dragonflight,"Zapthrottle Soul Inhaler",true
pet,3414,Dragonflight,"Obsidian Citadel",true
pet,3415,Dragonflight,Treasure,true
pet,3416,Dragonflight,"Pet Charm",true
pet,3417,Dragonflight,"Pet Charm",true
pet,3427,Dragonflight,Reputation,true
pet,3446,Dragonflight,"The Forbidden Reach",true
pet,3447,Dragonflight,"The Forbidden Reach",true
pet,3448,Dragonflight,"The Forbidden Reach",true
pet,3449,Dragonflight,"The Forbidden Reach",true
pet,3475,Promotional,Recruit-A-Friend,true
pet,3476,Dragonflight,"Zskera Vaults",true
pet,3477,,,true
pet,3478,,,true
pet,3479,,,true
pet,3480,,,true
pet,3481,,,true
pet,3482,,,true
pet,3483,,,true
pet,3484,,,true
pet,3485,,,true
pet,3486,,,true
pet,3487,,,true
pet,3488,,,true
pet,3489,,,true
pet,3490,,,true
pet,3491,"World Event","Hallow's End",true
pet,3493,Dragonflight,Achievement,true
pet,3511,Dragonflight,"World Events",true
pet,3512,Dragonflight,"World Events",true
pet,3513,"World Event",,true
pet,3514,"World Event",,true
pet,3515,Dragonflight,"Whelp Daycare",true
pet,3516,Dragonflight,Vendor,true
pet,3517,"World Event",,true
pet,3518,"The War Within",Achievement,true
pet,3519,Classic,Achievement,true
pet,3520,"World Event",,true
pet,3521,Dragonflight,Treasure,true
pet,3522,"World Event",,true
pet,3523,Dragonflight,Vendor,true
pet,3524,Dragonflight,"World Events",true
pet,3525,,,true
pet,3526,,,true
pet,3527,"World Event",,true
pet,3528,Dragonflight,Vendor,true
pet,3529,Dragonflight,Vendor,true
pet,3530,Dragonflight,"Pet Charm",true
pet,3531,"World Event",,true
pet,3532,"World Event",,true
pet,3533,Dragonflight,Rare,true
pet,3534,"World Event",,true
pet,3535,Dragonflight,Vendor,true
pet,3536,Dragonflight,Quest,true
pet,3537,Dragonflight,Vendor,true
pet,3538,Dragonflight,Quest,true
pet,3539,,,true
pet,3540,Dragonflight,Quest,true
pet,3541,Dragonflight,Rare,true
pet,3542,"Past Limited Time","Trading Post Originals",true
pet,3543,,,true
pet,3544,,,true
pet,3545,Dragonflight,Treasure,true
pet,3546,Dragonflight,Rare,true
pet,3547,,,true
pet,3548,Dragonflight,Rare,true
pet,3549,"World Event","Love is in the Air",true
pet,3550,,,true
pet,3551,Dragonflight,Rare,true
pet,3552,Dragonflight,Quest,true
pet,3553,Dragonflight,Quest,true
pet,3554,"World Event",,true
pet,3555,Dragonflight,Achievement,true
pet,3556,"World Event",,true
pet,3557,Dragonflight,Achievement,true
pet,3578,Dragonflight,Quest,true
pet,3579,Promotional,Blizzcon,true
pet,3580,"Past Limited Time","Greedy Emissary",true
pet,3581,Dragonflight,Riddle,true
pet,3582,"Past Limited Time","Trading Post Originals",true
pet,3588,Dragonflight,"Whelp Daycare",true
pet,3589,Dragonflight,"Whelp Daycare",true
pet,3590,Dragonflight,"Whelp Daycare",true
pet,3596,Dragonflight,Quest,true
pet,3597,Dragonflight,"Whelp Daycare",true
pet,3598,Dragonflight,"Whelp Daycare",true
pet,3599,Dragonflight,"Whelp Daycare",true
pet,3600,Dragonflight,"Whelp Daycare",true
pet,3601,Dragonflight,"Whelp Daycare",true
pet,3602,Dragonflight,"Whelp Daycare",true
pet,4253,"Past Limited Time","Trading Post Originals",true
pet,4255,Dragonflight,Vendor,true
pet,4257,Dragonflight,Vendor,true
pet,4258,Dragonflight,Vendor,true
pet,4259,Dragonflight,Vendor,true
pet,4260,Dragonflight,Vendor,true
pet,4261,Dragonflight,Vendor,true
pet,4262,Dragonflight,Vendor,true
pet,4263,Dragonflight,"World Events",true
pet,4264,Promotional,"Blizzard Store",true
pet,4265,"World Event",Anniversary,true
pet,4266,Promotional,"Blizzard Store",true
pet,4267,Promotional,"Blizzard Store",true
pet,4275,,,true
pet,4276,,,true
pet,4277,,,true
pet,4278,,,true
pet,4279,,,true
pet,4280,,,true
pet,4285,Dragonflight,Achievement,true
pet,4286,"Past Limited Time","Trading Post Originals",true
pet,4287,Dragonflight,Vendor,true
pet,4288,Dragonflight,Achievement,true
pet,4289,Dragonflight,Vendor,true
pet,4290,Dragonflight,Vendor,true
pet,4291,Dragonflight,Achievement,true
pet,4292,Dragonflight,Vendor,true
pet,4295,Dragonflight,"Emerald Bounty",true
pet,4296,Dragonflight,"Emerald Bounty",true
pet,4297,Dragonflight,Quest,true
pet,4298,Dragonflight,"Emerald Bounty",true
pet,4299,Dragonflight,"Emerald Bounty",true
pet,4300,Dragonflight,Vendor,true
pet,4302,,,true
pet,4303,,,true
pet,4304,,,true
pet,4305,Dragonflight,"Emerald Bounty",true
pet,4306,Dragonflight,"Emerald Bounty",true
pet,4307,Dragonflight,Vendor,true
pet,4308,Dragonflight,Vendor,true
pet,4309,Dragonflight,Vendor,true
pet,4310,Dragonflight,Vendor,true
pet,4311,"Past Limited Time","Trading Post Originals",true
pet,4316,Promotional,"Blizzard Store",true
pet,4402,"Past Limited Time","Trading Post Originals",true
pet,4406,Promotional,Hearthstone,true
pet,4407,"Past Limited Time","Trading Post Originals",true
pet,4408,"Past Limited Time","Trading Post Originals",true
pet,4409,"World Event",Noblegarden,true
pet,4410,Promotional,"Twitch Drops",true
pet,4411,Dragonflight,Archives,true
pet,4412,Dragonflight,Archives,true
pet,4421,Promotional,"Blizzard Store",true
pet,4425,"Past Limited Time",Plunderstorm,true
pet,4426,"Past Limited Time",Plunderstorm,true
pet,4435,"Past Limited Time",Plunderstorm,true
pet,4436,"Past Limited Time","Trading Post Originals",true
pet,4437,Promotional,"Twitch Drops",true
pet,4450,"The War Within","Pre-Launch Event",true
pet,4451,"The War Within","Pre-Launch Event",true
pet,4452,"The War Within","Pre-Launch Event",true
pet,4455,"The War Within",Renown,true
pet,4456,,,true
pet,4457,,,true
pet,4459,"The War Within",Achievement,true
pet,4460,,,true
pet,4461,,,true
pet,4462,"The War Within",Quest,true
pet,4463,"The War Within",Renown,true
pet,4464,"The War Within",Renown,true
pet,4465,"The War Within",Quest,true
pet,4466,"World Event","Children's Week",true
pet,4467,"The War Within",Treasure,true
pet,4469,"The War Within","Dungeon Drop",true
pet,4470,"The War Within",Treasure,true
pet,4471,,,true
pet,4472,"The War Within",Treasure,true
pet,4473,"The War Within",Treasure,true
pet,4474,"World Event",,true
pet,4475,"Wrath of the Lich King",Achievement,true
pet,4476,"The War Within",Renown,true
pet,4477,,,true
pet,4480,,,true
pet,4481,,,true
pet,4482,Profession,Alchemy,true
pet,4483,,,true
pet,4484,,,true
pet,4485,,,true
pet,4489,"The War Within",Delves,true
pet,4490,"The War Within",Achievement,true
pet,4491,"The War Within",Renown,true
pet,4492,"The War Within",Renown,true
pet,4495,"The War Within","Pet Charm",true
pet,4496,"The War Within",Delves,true
pet,4497,,,true
pet,4498,,,true
pet,4499,,,true
pet,4500,"The War Within",Achievement,true
pet,4506,"The War Within",Delves,true
pet,4507,,,true
pet,4508,Midnight,"Pre-Launch Event",true
pet,4510,,,true
pet,4511,"The War Within","Pet Charm",true
pet,4512,"World Event",,true
pet,4513,"The War Within",Treasure,true
pet,4514,,,true
pet,4515,,,true
pet,4516,,,true
pet,4517,"The War Within",Achievement,true
pet,4518,,,true
pet,4519,,,true
pet,4520,"The War Within",Quest,true
pet,4521,,,true
pet,4522,,,true
pet,4524,"The War Within","Pet Charm",true
pet,4525,,,true
pet,4526,,,true
pet,4527,"The War Within",Treasure,true
pet,4529,,,true
pet,4530,"The War Within",Renown,true
pet,4533,,,true
pet,4534,"The War Within",Treasure,true
pet,4535,,,true
pet,4536,"The War Within",Treasure,true
pet,4537,"The War Within",Delves,true
pet,4538,,,true
pet,4539,,,true
pet,4540,,,true
pet,4541,,,true
pet,4542,"The War Within",Quest,true
pet,4543,"The War Within",Delves,true
pet,4544,,,true
pet,4545,"World Event",,true
pet,4546,"The War Within","Pet Charm",true
pet,4548,"Past Limited Time","Trading Post Originals",true
pet,4565,"Past Limited Time","Trading Post Originals",true
pet,4566,"Past Limited Time","Trading Post Originals",true
pet,4568,Promotional,"Blizzard Store",true
pet,4569,"World Event",,true
pet,4570,"The War Within",Quest,true
pet,4571,,,true
pet,4573,,,true
pet,4574,,,true
pet,4575,"The War Within",Delves,true
pet,4576,"The War Within",Renown,true
pet,4577,,,true
pet,4579,"Past Limited Time","Remix: Pandaria",true
pet,4580,"Past Limited Time","Remix: Pandaria",true
pet,4581,"The War Within",Achievement,true
pet,4582,"The War Within",Quest,true
pet,4586,"The War Within","Pet Charm",true
pet,4589,Promotional,"Blizzard Store",true
pet,4590,Promotional,"Blizzard Store",true
pet,4591,Promotional,"Blizzard Store",true
pet,4592,"World Event",Timewalking,true
pet,4593,"World Event",Timewalking,true
pet,4594,"The War Within",Treasure,true
pet,4595,"Past Limited Time","Trading Post Re-Releases",true
pet,4596,"The War Within",Treasure,true
pet,4597,"The War Within",Vendor,true
pet,4598,"The War Within",Vendor,true
pet,4599,"The War Within",Treasure,true
pet,4602,"Past Limited Time","Trading Post Originals",true
pet,4614,"World Event",Anniversary,true
pet,4615,"Past Limited Time","Trading Post Re-Releases",true
pet,4616,"Past Limited Time","Trading Post Re-Releases",true
pet,4617,"Past Limited Time","Trading Post Re-Releases",true
pet,4618,"Past Limited Time","Trading Post Re-Releases",true
pet,4628,,,true
pet,4629,Promotional,"Blizzard Gear Store",true
pet,4630,Promotional,"Blizzard Gear Store",true
pet,4631,"The War Within",Achievement,true
pet,4632,"The War Within",Reputation,true
pet,4633,Midnight,"Pre-Launch Event",true
pet,4635,"World Event","Children's Week",true
pet,4636,"The War Within","Shipping and Handling",true
pet,4637,"The War Within",Reputation,true
pet,4638,"The War Within",Vendor,true
pet,4639,"The War Within",S.C.R.A.P.,true
pet,4640,"The War Within","Raid Renown",true
pet,4641,"The War Within",Reputation,true
pet,4642,"The War Within",Quest,true
pet,4643,"The War Within","Raid Renown",true
pet,4644,"The War Within",Vendor,true
pet,4645,"The War Within",Reputation,true
pet,4646,"The War Within","Shipping and Handling",true
pet,4647,"The War Within",Delves,true
pet,4648,"The War Within",Vendor,true
pet,4649,"The War Within",Vendor,true
pet,4650,"The War Within",Vendor,true
pet,4651,,,true
pet,4652,,,true
pet,4653,"The War Within",S.C.R.A.P.,true
pet,4654,,,true
pet,4655,"The War Within",S.C.R.A.P.,true
pet,4656,,,true
pet,4657,,,true
pet,4658,,,true
pet,4659,,,true
pet,4660,,,true
pet,4661,"The War Within",Vendor,true
pet,4662,,,true
pet,4663,,,true
pet,4664,"The War Within",Achievement,true
pet,4666,,,true
pet,4667,,,true
pet,4668,,,true
pet,4669,"Past Limited Time","Trading Post Originals",true
pet,4678,"World Event",Anniversary,true
pet,4679,"World Event",Anniversary,true
pet,4682,Promotional,"Blizzard Store",true
pet,4684,Promotional,"Blizzard Store",true
pet,4686,"World Event",Timewalking,true
pet,4689,"World Event",Timewalking,true
pet,4690,Promotional,Razer,true
pet,4691,"World Event","Feast of Winter Veil",true
pet,4692,"Past Limited Time",Plunderstorm,true
pet,4693,,,true
pet,4694,"World Event","Feast of Winter Veil",true
pet,4695,"Past Limited Time",Plunderstorm,true
pet,4701,"The War Within",Quest,true
pet,4702,,,true
pet,4703,,,true
pet,4704,"World Event","Love is in the Air",true
pet,4708,"The War Within",Quest,true
pet,4710,,,true
pet,4711,,,true
pet,4717,,,true
pet,4718,"Past Limited Time","Trading Post Originals",true
pet,4719,"Past Limited Time","Trading Post Originals",true
pet,4723,,,true
pet,4724,,,true
pet,4726,"The War Within","Siren Isle",true
pet,4727,"The War Within",Vendor,true
pet,4728,"Past Limited Time","Trading Post Originals",true
pet,4729,"Past Limited Time","Trading Post Originals",true
pet,4730,,,true
pet,4731,,,true
pet,4732,,,true
pet,4733,Promotional,"WoW Classic",true
pet,4747,"The War Within","Visions Revisited",true
pet,4748,"The War Within","Visions Revisited",true
pet,4749,"The War Within","Visions Revisited",true
pet,4750,"The War Within","Visions Revisited",true
pet,4756,"The War Within",Vendor,true
pet,4757,"Past Limited Time","Trading Post Originals",true
pet,4759,"The War Within","Dungeon Drop",true
pet,4761,,,true
pet,4762,Promotional,"Twitch Drops",true
pet,4790,,,true
pet,4791,Promotional,"Blizzard Gear Store",true
pet,4792,,,true
pet,4793,"Past Limited Time","Trading Post Originals",true
pet,4794,"The War Within",Renown,true
pet,4795,,,true
pet,4796,Promotional,"Blizzard Store",true
pet,4801,"Past Limited Time","Remix: Legion",true
pet,4802,"Past Limited Time","Remix: Legion",true
pet,4803,Midnight,Achievement,true
pet,4804,"The War Within",Renown,true
pet,4806,"Past Limited Time","Dastardly Duos",true
pet,4811,Promotional,"Collector's Edition",true
pet,4812,Promotional,"Collector's Edition",true
pet,4813,"The War Within",Treasure,true
pet,4816,Midnight,Quest,true
pet,4825,"The War Within","Ecological Succession",true
pet,4826,"The War Within","Ecological Succession",true
pet,4827,"The War Within","Ecological Succession",true
pet,4828,"The War Within","Ecological Succession",true
pet,4829,"The War Within",Vendor,true
pet,4830,Midnight,"Pre-Launch Event",true
pet,4832,"The War Within","Raid Renown",true
pet,4833,"The War Within","Ecological Succession",true
pet,4834,"The War Within","Rare Drop",true
pet,4835,"The War Within","Ecological Succession",true
pet,4836,"The War Within","Ecological Succession",true
pet,4838,"The War Within","Rare Drop",true
pet,4839,"The War Within","Ecological Succession",true
pet,4840,"The War Within","Ecological Succession",true
pet,4841,"The War Within",Achievement,true
pet,4842,"The War Within","Rare Drop",true
pet,4843,"The War Within",Delves,true
pet,4844,"The War Within","Ecological Succession",true
pet,4845,"The War Within",Treasure,true
pet,4846,"The War Within","Rare Drop",true
pet,4847,"The War Within","Ecological Succession",true
pet,4848,"The War Within","Ecological Succession",true
pet,4849,"World Event",Timewalking,true
pet,4851,"World Event","Feast of Winter Veil",true
pet,4852,"World Event",Timewalking,true
pet,4853,"Past Limited Time","Trading Post Originals",true
pet,4854,"Past Limited Time","Remix: Legion",true
pet,4855,Promotional,"Blizzard Store",true
pet,4856,Promotional,"Blizzard Gear Store",true
pet,4858,Promotional,"Twitch Drops",true
pet,4859,"The War Within","Raid Renown",true
pet,4860,Midnight,Riddle,true
pet,4862,Promotional,"Blizzard Store",true
pet,4874,,,true
pet,4875,,,true
pet,4876,,,true
pet,4877,,,true
pet,4878,,,true
pet,4879,,,true
pet,4880,,,true
pet,4881,Midnight,Treasure,true
pet,4882,,,true
pet,4883,,,true
pet,4884,,,true
pet,4885,,,true
pet,4886,,,true
pet,4887,Midnight,Unknown,true
pet,4888,Midnight,Renown,true
pet,4889,,,true
pet,4890,,,true
pet,4891,,,true
pet,4892,,,true
pet,4893,Promotional,"Blizzard Gear Store",true
pet,4894,,,true
pet,4895,,,true
pet,4896,,,true
pet,4897,Promotional,Support-A-Streamer,true
pet,4898,,,true
pet,4899,,,true
pet,4900,"Past Limited Time","Trading Post Originals",true
pet,4901,"Past Limited Time","Remix: Legion",true
pet,4902,,,true
pet,4903,Promotional,"WoW Classic",true
pet,4906,Midnight,Treasure,true
pet,4907,Promotional,"Twitch Drops",true
pet,4908,Promotional,"Blizzard Gear Store",true
pet,4909,Midnight,Quest,true
pet,4910,Midnight,Achievement,true
pet,4911,"World Event",Timewalking,true
pet,4912,,,true
pet,4913,Classic,Achievement,true
pet,4914,Midnight,Unknown,true
pet,4927,Midnight,Treasure,true
pet,4928,Midnight,Renown,true
pet,4929,Midnight,Vendor,true
pet,4930,Midnight,Vendor,true
pet,4942,Midnight,Quest,true
pet,4943,,,true
pet,4944,Promotional,Trolli,true
pet,4946,Midnight,Quest,true
pet,4947,Midnight,Quest,true
pet,4948,Midnight,Treasure,true
pet,4949,"World Event",Timewalking,true
pet,4950,Midnight,Quest,true
pet,4951,Profession,Fishing,true
pet,4952,Midnight,Vendor,true
pet,4953,Midnight,Delves,true
pet,4954,Midnight,Delves,true
pet,4955,Midnight,Vendor,true
pet,4956,Midnight,Delves,true
pet,4957,Midnight,Delves,true
pet,4958,Midnight,Delves,true
pet,4959,Midnight,Delves,true
pet,4960,Midnight,Delves,true
pet,4961,Midnight,Delves,true
pet,4963,"Past Limited Time","Trading Post Originals",true
pet,4964,,,true
pet,4965,Midnight,Treasure,true
pet,4966,,,true
pet,4967,Midnight,Riddle,true
pet,4968,Promotional,"Blizzard Gear Store",true
pet,4969,Promotional,"Blizzard Store",true
pet,4971,Midnight,Quest,true
pet,4972,Midnight,Treasure,true
pet,4974,Midnight,Treasure,true
pet,4975,Promotional,"Discord Quest",true
pet,4976,Midnight,Vendor,true
pet,4977,Midnight,Quest,true
pet,4981,Midnight,"Paragon Reputation",true
pet,4982,Midnight,Reputation,true
pet,4983,Midnight,"Zone Feature",true
pet,4984,Midnight,Reputation,true
pet,4985,Midnight,"Rare Drop",true
pet,5003,Midnight,Treasure,true
pet,5007,Midnight,Quest,true
pet,5011,Midnight,Quest,true
pet,5012,Midnight,Achievement,true
pet,5017,Midnight,"Ritual Sites",true
pet,5019,Midnight,"Ritual Sites",true
pet,5020,Midnight,"Ritual Sites",true
pet,5021,Midnight,"Ritual Sites",true
pet,5022,Midnight,"Ritual Sites",true
pet,5023,Midnight,"Ritual Sites",true
pet,5026,"The Burning Crusade",Achievement,true
pet,5027,Cataclysm,Achievement,true
pet,5028,,,true
pet,5029,,,true
pet,5030,,,true
pet,5031,,,true
pet,5032,,,true
pet,5033,,,true
pet,5034,,,true
pet,5035,,,true
pet,5036,Midnight,Renown,true
pet,5037,Midnight,Renown,true
pet,5038,Midnight,"Ritual Sites",true
pet,5039,Midnight,Vendor,true
pet,5040,Midnight,"Ritual Sites",true
pet,5041,Midnight,Quest,true
pet,5042,,,true
pet,5052,Promotional,"Blizzard Store",true
pet,5060,,,true
pet,5064,Promotional,Blizzcon,true
pet,5065,Midnight,Vendor,true
pet,5066,TODO,Achievement,true
pet,5068,TODO,Unknown,true
pet,5070,Midnight,Reputation,true
pet,5071,Midnight,Vendor,true
pet,5072,Midnight,Vendor,true
pet,5073,Midnight,Vendor,true
pet,5074,Midnight,Vendor,true
pet,5076,Midnight,Vendor,true
pet,5078,Midnight,Vendor,true
pet,5092,Midnight,"Ritual Sites",true
pet,5093,Midnight,Renown,true
pet,5100,TODO,Unknown,true
pet,5114,,,true
pet,5115,,,true
pet,5116,,,true
pet,5117,,,true
pet,5118,,,true
pet,5119,,,true
pet,5123,,,true
pet,5124,,,true
pet,5125,Midnight,"Raid Drop",true
pet,5126,Midnight,"Prey Drop",true
pet,5127,,,true
pet,5129,Midnight,Riddle,true
pet,5130,Midnight,Achievement,true
pet,5131,Midnight,Achievement,true
pet,5132,Midnight,Achievement,true
pet,5133,Midnight,Treasure,true
pet,5134,Midnight,"Mysterious Mixing",true
pet,5137,Midnight,"Rare Drop",true
pet,5164,Midnight,Riddle,true
decor,80,Neighbourhoods,"Neighbourhood Vendor",true
decor,81,Neighbourhoods,"Neighbourhood Vendor",true
decor,126,"Warlords of Draenor","Alliance Garrison Vendor",true
decor,373,Neighbourhoods,"Neighbourhood Vendor",true
decor,374,Neighbourhoods,"Neighbourhood Vendor",true
decor,377,Neighbourhoods,"Neighbourhood Vendor",true
decor,378,Neighbourhoods,"Neighbourhood Vendor",true
decor,379,Neighbourhoods,"Neighbourhood Vendor",true
decor,383,Neighbourhoods,"Neighbourhood Vendor",true
decor,388,Neighbourhoods,"Neighbourhood Vendor",true
decor,389,Neighbourhoods,"Neighbourhood Vendor",true
decor,390,Neighbourhoods,"Neighbourhood Vendor",true
decor,399,Undiscovered,"Undiscovered Sources",true
decor,478,Neighbourhoods,"Neighbourhood Vendor",true
decor,479,Neighbourhoods,"Neighbourhood Vendor",true
decor,480,Neighbourhoods,"Neighbourhood Vendor",true
decor,481,Neighbourhoods,"Neighbourhood Vendor",true
decor,482,Neighbourhoods,"Neighbourhood Vendor",true
decor,483,Neighbourhoods,"Neighbourhood Vendor",true
decor,484,Neighbourhoods,"Neighbourhood Vendor",true
decor,485,Neighbourhoods,"Neighbourhood Vendor",true
decor,486,Neighbourhoods,"Neighbourhood Vendor",true
decor,487,Neighbourhoods,"Neighbourhood Vendor",true
decor,488,Neighbourhoods,"Neighbourhood Vendor",true
decor,489,Neighbourhoods,"Neighbourhood Vendor",true
decor,490,Neighbourhoods,"Neighbourhood Vendor",true
decor,491,Neighbourhoods,"Neighbourhood Vendor",true
decor,492,Neighbourhoods,"Neighbourhood Vendor",true
decor,493,Neighbourhoods,"Neighbourhood Vendor",true
decor,494,Neighbourhoods,"Neighbourhood Vendor",true
decor,495,Neighbourhoods,"Neighbourhood Vendor",true
decor,496,Neighbourhoods,"Neighbourhood Vendor",true
decor,497,Neighbourhoods,"Neighbourhood Vendor",true
decor,498,Neighbourhoods,"Neighbourhood Vendor",true
decor,518,Undiscovered,"Undiscovered Sources",true
decor,519,Undiscovered,"Undiscovered Sources",true
decor,520,Neighbourhoods,"Neighbourhood Vendor",true
decor,521,Neighbourhoods,"Neighbourhood Vendor",true
decor,522,Neighbourhoods,"Neighbourhood Vendor",true
decor,523,Neighbourhoods,"Neighbourhood Vendor",true
decor,524,Neighbourhoods,"Neighbourhood Vendor",true
decor,525,Neighbourhoods,"Neighbourhood Vendor",true
decor,526,Neighbourhoods,"Neighbourhood Vendor",true
decor,527,Neighbourhoods,"Neighbourhood Vendor",true
decor,528,Neighbourhoods,"Neighbourhood Vendor",true
decor,529,Neighbourhoods,"Neighbourhood Vendor",true
decor,530,Neighbourhoods,"Neighbourhood Vendor",true
decor,533,Neighbourhoods,"Neighbourhood Vendor",true
decor,534,Neighbourhoods,"Neighbourhood Vendor",true
decor,535,Neighbourhoods,"Neighbourhood Vendor",true
decor,536,Neighbourhoods,"Neighbourhood Vendor",true
decor,562,Undiscovered,"Undiscovered Sources",true
decor,582,Neighbourhoods,"Neighbourhood Vendor",true
decor,584,Neighbourhoods,"Neighbourhood Vendor",true
decor,586,Neighbourhoods,"Neighbourhood Vendor",true
decor,592,Undiscovered,"Undiscovered Sources",true
decor,673,Legion,"Dungeon Drop",true
decor,674,Legion,"Withered Army Training",true
decor,675,Legion,Dreamweavers,true
decor,676,Legion,Achievement,true
decor,677,Legion,Dreamweavers,true
decor,679,Legion,Vendor,true
decor,714,Midnight,"Pre-Launch Event",false
decor,715,Undiscovered,"Undiscovered Sources",true
decor,716,Dragonflight,"Renown: Dragonscale Expedition",true
decor,717,Dragonflight,"Renown: Dragonscale Expedition",true
decor,718,Dragonflight,"Renown: Dragonscale Expedition",true
decor,720,Dragonflight,"Renown: Dragonscale Expedition",true
decor,721,Neighbourhoods,"Neighbourhood Vendor",true
decor,722,Neighbourhoods,"Neighbourhood Vendor",true
decor,723,Neighbourhoods,"Neighbourhood Vendor",true
decor,724,Neighbourhoods,"Neighbourhood Vendor",true
decor,725,Neighbourhoods,"Neighbourhood Vendor",true
decor,726,Neighbourhoods,"Neighbourhood Vendor",true
decor,749,Profession,Cooking,true
decor,750,Legion,"Class Hall Achievements",true
decor,751,"Warlords of Draenor","Garrison Vendor",true
decor,752,Legion,Achievement,true
decor,753,Undiscovered,"Undiscovered Sources",true
decor,754,Undiscovered,"Undiscovered Sources",true
decor,755,Profession,Cooking,true
decor,756,Shadowlands,Renown,true
decor,757,Undiscovered,"Undiscovered Sources",true
decor,758,Undiscovered,"Undiscovered Sources",true
decor,759,Profession,Cooking,true
decor,760,"The War Within","Renown: Khaz Algar",true
decor,761,"The War Within","Renown: Khaz Algar",true
decor,762,"The War Within","Renown: Khaz Algar",true
decor,763,"The War Within","Renown: Khaz Algar",true
decor,764,"The War Within","Zone Feature",true
decor,765,Profession,Cooking,true
decor,766,Classic,Vendor,true
decor,767,General,Lorewalking,true
decor,768,Classic,Vendor,true
decor,769,Undiscovered,"Undiscovered Sources",true
decor,770,Neighbourhoods,"Neighbourhood Vendor",true
decor,771,Neighbourhoods,"Neighbourhood Vendor",true
decor,772,Neighbourhoods,"Neighbourhood Vendor",true
decor,773,Neighbourhoods,"Neighbourhood Vendor",true
decor,825,"The War Within",Quest,true
decor,827,"The War Within",Quest,true
decor,828,"The War Within","Raid Renown",true
decor,829,Profession,Leatherworking,true
decor,837,"Battle for Azeroth",Achievement,true
decor,838,"Battle for Azeroth",Achievement,true
decor,839,"Battle for Azeroth",Vendor,true
decor,840,"Battle for Azeroth",Rare,true
decor,854,Profession,Inscription,true
decor,855,Profession,Alchemy,true
decor,857,Dragonflight,Achievement,true
decor,858,Cataclysm,Quest,true
decor,859,Dragonflight,Vendor,true
decor,860,Dragonflight,Vendor,true
decor,861,Undiscovered,"Undiscovered Sources",true
decor,862,"Battle for Azeroth",Quest,true
decor,863,"Battle for Azeroth",Quest,true
decor,864,"Battle for Azeroth",Quest,true
decor,865,"Battle for Azeroth",Quest,true
decor,866,Undiscovered,"Undiscovered Sources",true
decor,922,Profession,Inscription,true
decor,923,Cataclysm,Quest,true
decor,924,Cataclysm,Quest,true
decor,925,"Warlords of Draenor",Assaults,true
decor,926,Legion,"Dungeon Drop",true
decor,927,"Warlords of Draenor","Alliance Reputation",true
decor,928,"Warlords of Draenor",Quest,true
decor,929,Profession,Tailoring,true
decor,930,Legion,Quest,true
decor,931,"Warlords of Draenor","Alliance Reputation",true
decor,932,"Battle for Azeroth",Vendor,true
decor,933,"Battle for Azeroth",Achievement,true
decor,934,"Battle for Azeroth",Quest,true
decor,935,"Battle for Azeroth",Quest,true
decor,936,"Battle for Azeroth",Quest,true
decor,937,"Battle for Azeroth",Achievement,true
decor,938,"Battle for Azeroth",Vendor,true
decor,939,"Battle for Azeroth",Vendor,true
decor,940,"Battle for Azeroth",Vendor,true
decor,941,"Battle for Azeroth","Horde Reputation",true
decor,942,"Battle for Azeroth","Horde Reputation",true
decor,943,"Battle for Azeroth",Dubloons,true
decor,944,"Battle for Azeroth",Achievement,true
decor,945,"Battle for Azeroth","Horde Reputation",true
decor,946,"Battle for Azeroth","Horde Reputation",true
decor,947,Legion,Quest,true
decor,948,"Battle for Azeroth",Rare,true
decor,949,"Battle for Azeroth",Vendor,true
decor,984,Neighbourhoods,"Neighbourhood Vendor",true
decor,985,Neighbourhoods,"Neighbourhood Vendor",true
decor,986,Neighbourhoods,"Neighbourhood Vendor",true
decor,987,Neighbourhoods,"Neighbourhood Vendor",true
decor,988,Neighbourhoods,"Neighbourhood Vendor",true
decor,989,Neighbourhoods,"Neighbourhood Vendor",true
decor,990,Neighbourhoods,"Neighbourhood Vendor",true
decor,991,Neighbourhoods,"Neighbourhood Vendor",true
decor,992,Undiscovered,"Undiscovered Sources",true
decor,994,Neighbourhoods,"Neighbourhood Vendor",true
decor,1044,Neighbourhoods,"Neighbourhood Vendor",true
decor,1080,Midnight,Quest,true
decor,1083,Neighbourhoods,"Neighbourhood Vendor",true
decor,1118,"Battle for Azeroth","Allied Races",true
decor,1119,Profession,Leatherworking,true
decor,1120,"Battle for Azeroth","Allied Races",true
decor,1121,"The War Within",Achievement,true
decor,1122,Neighbourhoods,"Neighbourhood Vendor",true
decor,1123,Neighbourhoods,"Neighbourhood Vendor",true
decor,1136,Midnight,Vendor,true
decor,1137,Midnight,"Dungeon Drop",true
decor,1140,Midnight,Vendor,true
decor,1142,Profession,Leatherworking,true
decor,1147,Midnight,Quest,true
decor,1148,Midnight,Quest,true
decor,1150,Midnight,Vendor,true
decor,1153,Neighbourhoods,"Neighbourhood Vendor",true
decor,1154,Neighbourhoods,"Arcanostorage Sphere",true
decor,1155,Neighbourhoods,"Neighbourhood Vendor",true
decor,1157,Profession,Leatherworking,true
decor,1159,Midnight,Quest,true
decor,1160,Midnight,Quest,true
decor,1161,Profession,Jewelcrafting,true
decor,1162,Neighbourhoods,"Neighbourhood Vendor",true
decor,1163,Neighbourhoods,"Neighbourhood Vendor",true
decor,1165,Neighbourhoods,"Neighbourhood Vendor",true
decor,1168,Profession,Tailoring,true
decor,1169,Profession,Inscription,true
decor,1170,"Battle for Azeroth",Quest,true
decor,1172,"Mists of Pandaria",Reputation,true
decor,1173,Midnight,Treasure,true
decor,1175,"Battle for Azeroth",Achievement,true
decor,1176,Undiscovered,"Undiscovered Sources",true
decor,1177,Dragonflight,"Renown: Dragonscale Expedition",true
decor,1178,"Battle for Azeroth","Horde Reputation",true
decor,1179,"Battle for Azeroth",Quest,true
decor,1180,"Battle for Azeroth","Horde Reputation",true
decor,1181,Dragonflight,"Renown: Dragonscale Expedition",true
decor,1183,"Battle for Azeroth",Achievement,true
decor,1185,"Battle for Azeroth",Achievement,true
decor,1187,Profession,Inscription,true
decor,1188,"Battle for Azeroth",Achievement,true
decor,1189,"Battle for Azeroth","Horde Reputation",true
decor,1190,Undiscovered,"Undiscovered Sources",true
decor,1191,"Battle for Azeroth",Achievement,true
decor,1192,"Battle for Azeroth",Quest,true
decor,1193,"Battle for Azeroth",Quest,true
decor,1194,Profession,Jewelcrafting,true
decor,1195,Midnight,Treasure,true
decor,1196,"Battle for Azeroth",Quest,true
decor,1197,"Battle for Azeroth","Horde Reputation",true
decor,1198,Midnight,"Renown: Silvermoon Court",true
decor,1199,"Battle for Azeroth","Horde Reputation",true
decor,1200,Profession,Jewelcrafting,true
decor,1201,"Mists of Pandaria",Reputation,true
decor,1204,Undiscovered,"Undiscovered Sources",true
decor,1205,"Battle for Azeroth",Quest,true
decor,1216,Profession,Archaeology,true
decor,1217,Profession,Inscription,true
decor,1218,"Battle for Azeroth","Horde Reputation",true
decor,1219,Profession,Inscription,true
decor,1220,Undiscovered,"Undiscovered Sources",true
decor,1227,Midnight,"Pre-Launch Event",false
decor,1231,Legion,"Highmountain Tribe",true
decor,1232,Legion,"Dungeon Drop",true
decor,1235,Legion,Quest,true
decor,1236,Midnight,"Pre-Launch Event",false
decor,1241,Profession,Leatherworking,true
decor,1242,Profession,Leatherworking,true
decor,1243,Profession,Leatherworking,true
decor,1244,Neighbourhoods,"Neighbourhood Vendor",true
decor,1245,Neighbourhoods,"Neighbourhood Vendor",true
decor,1246,Neighbourhoods,"Neighbourhood Vendor",true
decor,1247,Profession,Alchemy,true
decor,1251,Legion,Quest,true
decor,1252,Legion,"Highmountain Tribe",true
decor,1257,"The War Within","Renown: Undermine",true
decor,1258,"The War Within","Renown: Undermine",true
decor,1259,"The War Within",Reputation,true
decor,1260,Profession,Blacksmithing,true
decor,1261,"The War Within","Zone Feature",true
decor,1262,"The War Within","Renown: Undermine",true
decor,1263,"The War Within","Renown: Undermine",true
decor,1264,Undiscovered,"Undiscovered Sources",true
decor,1265,"The War Within",Reputation,true
decor,1266,"The War Within",Quest,true
decor,1267,"The War Within",Quest,true
decor,1268,"The War Within",Reputation,true
decor,1269,"The War Within",Reputation,true
decor,1270,Profession,Blacksmithing,true
decor,1271,"The War Within",Quest,true
decor,1272,"The War Within",Treasure,true
decor,1273,Profession,Leatherworking,true
decor,1274,"The War Within",Quest,true
decor,1275,Profession,Tailoring,true
decor,1276,"The War Within",Quest,true
decor,1277,"The War Within",Quest,true
decor,1280,Neighbourhoods,"Neighbourhood Vendor",true
decor,1281,Cataclysm,Quest,true
decor,1282,Profession,Tailoring,true
decor,1283,Neighbourhoods,"Neighbourhood Vendor",true
decor,1284,Neighbourhoods,"Neighbourhood Vendor",true
decor,1287,Legion,Quest,true
decor,1291,Legion,Quest,true
decor,1292,Legion,"Highmountain Tribe",true
decor,1293,Legion,"Highmountain Tribe",true
decor,1294,Legion,Quest,true
decor,1295,Legion,"Highmountain Tribe",true
decor,1297,Legion,"Highmountain Tribe",true
decor,1307,Legion,Achievement,true
decor,1308,Profession,Inscription,true
decor,1309,Legion,Quest,true
decor,1310,"Battle for Azeroth",Quest,true
decor,1311,Profession,Tailoring,true
decor,1312,Profession,Inscription,true
decor,1313,Profession,Inscription,true
decor,1314,Profession,Blacksmithing,true
decor,1315,Cataclysm,Quest,true
decor,1317,"Warlords of Draenor","Horde Reputation",true
decor,1318,"Warlords of Draenor",Quest,true
decor,1319,Undiscovered,"Undiscovered Sources",true
decor,1320,Undiscovered,"Undiscovered Sources",true
decor,1321,Profession,Leatherworking,true
decor,1322,"Warlords of Draenor","Horde Reputation",true
decor,1323,"Warlords of Draenor","Dungeon Drop",true
decor,1324,"Warlords of Draenor","Dungeon Drop",true
decor,1325,Profession,Blacksmithing,true
decor,1326,"Warlords of Draenor","Horde Garrison Vendor",true
decor,1328,Profession,Inscription,true
decor,1329,Neighbourhoods,"Neighbourhood Vendor",true
decor,1350,Neighbourhoods,"Neighbourhood Vendor",true
decor,1351,Profession,Inscription,true
decor,1352,"Warlords of Draenor","Horde Garrison Vendor",true
decor,1353,"Warlords of Draenor","Horde Garrison Vendor",true
decor,1354,"Warlords of Draenor","Horde Garrison Vendor",true
decor,1355,"Warlords of Draenor","Horde Garrison Vendor",true
decor,1356,Neighbourhoods,"Neighbourhood Vendor",true
decor,1405,Profession,Inscription,true
decor,1406,Profession,Engineering,true
decor,1407,"Warlords of Draenor",Quest,true
decor,1408,"Warlords of Draenor",Quest,true
decor,1409,Profession,Inscription,true
decor,1410,Profession,Alchemy,true
decor,1411,Profession,Inscription,true
decor,1412,"Warlords of Draenor",Quest,true
decor,1413,"Warlords of Draenor","Horde Garrison Vendor",true
decor,1414,"Warlords of Draenor","Horde Garrison Vendor",true
decor,1415,Profession,Leatherworking,true
decor,1416,"Warlords of Draenor","Horde Garrison Vendor",true
decor,1417,"Battle for Azeroth",Achievement,true
decor,1418,"Battle for Azeroth",Achievement,true
decor,1426,Midnight,"Raid Drop",true
decor,1427,Neighbourhoods,"Amani Troll Endeavors",true
decor,1428,Midnight,Treasure,true
decor,1430,Neighbourhoods,"Cursed Keepsake",true
decor,1434,Neighbourhoods,"Neighbourhood Vendor",true
decor,1435,Neighbourhoods,"Neighbourhood Vendor",true
decor,1436,Neighbourhoods,"Neighbourhood Vendor",true
decor,1437,Neighbourhoods,"Neighbourhood Vendor",true
decor,1438,Neighbourhoods,"Neighbourhood Vendor",true
decor,1439,Neighbourhoods,"Neighbourhood Vendor",true
decor,1440,Legion,Nightfallen,true
decor,1442,Midnight,Quest,true
decor,1443,"Warlords of Draenor","Horde Garrison Vendor",true
decor,1444,Legion,Nightfallen,true
decor,1445,Cataclysm,"Dungeon Drop",true
decor,1446,Midnight,Achievement,true
decor,1447,Undiscovered,"Undiscovered Sources",true
decor,1448,Undiscovered,"Undiscovered Sources",true
decor,1449,Undiscovered,"Undiscovered Sources",true
decor,1450,Undiscovered,"Undiscovered Sources",true
decor,1451,Neighbourhoods,"Neighbourhood Vendor",true
decor,1452,Neighbourhoods,"Neighbourhood Vendor",true
decor,1453,Neighbourhoods,"Neighbourhood Vendor",true
decor,1454,Neighbourhoods,"Neighbourhood Vendor",true
decor,1455,Neighbourhoods,"Neighbourhood Vendor",true
decor,1456,Neighbourhoods,"Neighbourhood Vendor",true
decor,1457,Neighbourhoods,"Neighbourhood Vendor",true
decor,1458,Promotion,"Expansion Editions",true
decor,1459,Undiscovered,"Undiscovered Sources",true
decor,1460,Undiscovered,"Undiscovered Sources",true
decor,1461,Undiscovered,"Undiscovered Sources",true
decor,1462,Undiscovered,"Undiscovered Sources",true
decor,1463,Undiscovered,"Undiscovered Sources",true
decor,1464,Legion,Nightfallen,true
decor,1465,Legion,Nightfallen,true
decor,1466,Legion,Nightfallen,true
decor,1481,Cataclysm,Quest,true
decor,1482,Neighbourhoods,"Neighbourhood Vendor",true
decor,1484,Undiscovered,"Undiscovered Sources",true
decor,1486,Neighbourhoods,"Neighbourhood Vendor",true
decor,1487,Neighbourhoods,"Neighbourhood Vendor",true
decor,1488,Neighbourhoods,"Neighbourhood Vendor",true
decor,1489,Midnight,Quest,true
decor,1674,Classic,Achievement,true
decor,1692,Legion,Quest,true
decor,1693,General,"Pawdo Quests",true
decor,1694,Legion,Vendor,true
decor,1695,Legion,Dreamweavers,true
decor,1697,"Battle for Azeroth",Quest,true
decor,1698,Neighbourhoods,"Neighbourhood Vendor",true
decor,1699,Neighbourhoods,"Neighbourhood Vendor",true
decor,1700,Neighbourhoods,"Neighbourhood Vendor",true
decor,1701,Neighbourhoods,"Neighbourhood Vendor",true
decor,1702,Neighbourhoods,"Neighbourhood Vendor",true
decor,1703,Legion,"Highmountain Tribe",true
decor,1704,"Battle for Azeroth",Achievement,true
decor,1723,Neighbourhoods,"Neighbourhood Vendor",true
decor,1724,Neighbourhoods,"Neighbourhood Vendor",true
decor,1725,Profession,Inscription,true
decor,1726,Midnight,Quest,true
decor,1730,Neighbourhoods,"Arcanostorage Sphere",true
decor,1736,Neighbourhoods,"Neighbourhood Vendor",true
decor,1737,Neighbourhoods,"Neighbourhood Vendor",true
decor,1738,Neighbourhoods,"Neighbourhood Vendor",true
decor,1739,Neighbourhoods,"Neighbourhood Vendor",true
decor,1740,Legion,"Class Hall Vendors",true
decor,1741,Legion,"Class Hall Vendors",true
decor,1742,Neighbourhoods,"Neighbourhood Vendor",true
decor,1744,Neighbourhoods,"Neighbourhood Vendor",true
decor,1745,Neighbourhoods,"Neighbourhood Vendor",true
decor,1746,Profession,Jewelcrafting,true
decor,1747,Legion,Quest,true
decor,1748,Profession,Jewelcrafting,true
decor,1749,"The War Within","Dungeon Drop",true
decor,1750,"The War Within","Renown: Khaz Algar",true
decor,1770,Neighbourhoods,"Neighbourhood Vendor",true
decor,1771,Neighbourhoods,"Neighbourhood Vendor",true
decor,1772,Neighbourhoods,"Neighbourhood Vendor",true
decor,1773,Neighbourhoods,"Neighbourhood Vendor",true
decor,1774,Neighbourhoods,"Neighbourhood Vendor",true
decor,1775,Neighbourhoods,"Neighbourhood Vendor",true
decor,1776,Neighbourhoods,"Neighbourhood Vendor",true
decor,1791,Profession,Blacksmithing,true
decor,1792,Profession,Enchanting,true
decor,1793,Profession,Engineering,true
decor,1794,Cataclysm,Reputation,true
decor,1795,Dragonflight,Vendor,true
decor,1796,Cataclysm,Reputation,true
decor,1801,Legion,Quest,true
decor,1802,Legion,Quest,true
decor,1826,Dragonflight,Vendor,true
decor,1827,Profession,Tailoring,true
decor,1829,Cataclysm,Quest,true
decor,1830,Profession,Inscription,true
decor,1831,Profession,Inscription,true
decor,1832,Profession,Inscription,true
decor,1833,Cataclysm,Quest,true
decor,1834,Dragonflight,Vendor,true
decor,1836,"Battle for Azeroth",Rare,true
decor,1844,Neighbourhoods,"Neighbourhood Vendor",true
decor,1861,General,"Pawdo Quests",true
decor,1862,Neighbourhoods,"Neighbourhood Vendor",true
decor,1863,Neighbourhoods,"Neighbourhood Vendor",true
decor,1864,Neighbourhoods,"Neighbourhood Vendor",true
decor,1865,Neighbourhoods,"Neighbourhood Vendor",true
decor,1866,Neighbourhoods,"Neighbourhood Vendor",true
decor,1867,Neighbourhoods,"Neighbourhood Vendor",true
decor,1878,Neighbourhoods,"Neighbourhood Vendor",true
decor,1879,Neighbourhoods,"Neighbourhood Vendor",true
decor,1880,"Battle for Azeroth","Dungeon Drop",true
decor,1881,Legion,Achievement,true
decor,1882,Legion,Quest,true
decor,1883,Legion,Quest,true
decor,1884,Legion,Quest,true
decor,1885,Legion,Quest,true
decor,1886,Legion,Quest,true
decor,1887,Legion,Achievement,true
decor,1888,Dragonflight,Vendor,true
decor,1889,Legion,Quest,true
decor,1893,"The War Within","Dungeon Drop",true
decor,1894,Promotion,"Expansion Editions",true
decor,1896,Midnight,"Renown: Silvermoon Court",true
decor,1900,"Battle for Azeroth",Quest,true
decor,1901,Midnight,"Renown: Silvermoon Court",true
decor,1907,Neighbourhoods,"Cursed Keepsake",true
decor,1908,Midnight,Quest,true
decor,1909,Neighbourhoods,"Cursed Keepsake",true
decor,1919,Legion,Nightfallen,true
decor,1920,Legion,Nightfallen,true
decor,1977,Neighbourhoods,"Neighbourhood Vendor",true
decor,1978,Neighbourhoods,"Neighbourhood Vendor",true
decor,1979,Neighbourhoods,"Neighbourhood Vendor",true
decor,1984,Profession,Engineering,true
decor,1987,Dragonflight,Vendor,true
decor,1989,Dragonflight,Vendor,true
decor,1990,Dragonflight,Vendor,true
decor,1991,Neighbourhoods,"Neighbourhood Vendor",true
decor,1992,Neighbourhoods,"Neighbourhood Vendor",true
decor,1993,Neighbourhoods,"Neighbourhood Vendor",true
decor,1994,Neighbourhoods,"Neighbourhood Vendor",true
decor,1995,Neighbourhoods,"Neighbourhood Vendor",true
decor,1996,Neighbourhoods,"Neighbourhood Vendor",true
decor,1997,Neighbourhoods,"Neighbourhood Vendor",true
decor,1998,Cataclysm,Reputation,true
decor,1999,Neighbourhoods,"Neighbourhood Vendor",true
decor,2000,"Battle for Azeroth",Rare,true
decor,2001,Profession,Blacksmithing,true
decor,2086,Legion,"Class Hall Vendors",true
decor,2087,Neighbourhoods,"Neighbourhood Vendor",true
decor,2088,Neighbourhoods,"Neighbourhood Vendor",true
decor,2089,Neighbourhoods,"Neighbourhood Vendor",true
decor,2090,Neighbourhoods,"Neighbourhood Vendor",true
decor,2091,"Battle for Azeroth","Alliance Reputation",true
decor,2092,Neighbourhoods,"Neighbourhood Vendor",true
decor,2093,Neighbourhoods,"Neighbourhood Vendor",true
decor,2094,Neighbourhoods,"Neighbourhood Vendor",true
decor,2098,Neighbourhoods,"Neighbourhood Vendor",true
decor,2099,Neighbourhoods,"Neighbourhood Vendor",true
decor,2100,Neighbourhoods,"Neighbourhood Vendor",true
decor,2101,Neighbourhoods,"Neighbourhood Vendor",true
decor,2102,Neighbourhoods,"Neighbourhood Vendor",true
decor,2103,Neighbourhoods,"Neighbourhood Vendor",true
decor,2104,Neighbourhoods,"Neighbourhood Vendor",true
decor,2105,Neighbourhoods,"Neighbourhood Vendor",true
decor,2106,Neighbourhoods,"Neighbourhood Vendor",true
decor,2107,Neighbourhoods,"Neighbourhood Vendor",true
decor,2108,Neighbourhoods,"Neighbourhood Vendor",true
decor,2109,Neighbourhoods,"Neighbourhood Vendor",true
decor,2110,Neighbourhoods,"Neighbourhood Vendor",true
decor,2111,Neighbourhoods,"Neighbourhood Vendor",true
decor,2112,Neighbourhoods,"Neighbourhood Vendor",true
decor,2113,Neighbourhoods,"Neighbourhood Vendor",true
decor,2114,Neighbourhoods,"Neighbourhood Vendor",true
decor,2115,Neighbourhoods,"Neighbourhood Vendor",true
decor,2116,Neighbourhoods,"Neighbourhood Vendor",true
decor,2117,Neighbourhoods,"Neighbourhood Vendor",true
decor,2118,Neighbourhoods,"Neighbourhood Vendor",true
decor,2219,Midnight,"Renown: Hara'ti",true
decor,2224,Midnight,Quest,true
decor,2225,Midnight,"Renown: Hara'ti",true
decor,2226,Cataclysm,Quest,true
decor,2227,Profession,Engineering,true
decor,2228,Classic,Vendor,true
decor,2229,Classic,Vendor,true
decor,2230,Profession,Jewelcrafting,true
decor,2231,Promotion,"Expansion Editions",true
decor,2232,Midnight,Quest,true
decor,2233,Midnight,Treasure,true
decor,2237,Profession,Inscription,true
decor,2238,"Battle for Azeroth","Dungeon Drop",true
decor,2239,Cataclysm,Quest,true
decor,2240,Profession,Inscription,true
decor,2241,PVP,"Marks of Honor",true
decor,2242,Cataclysm,Reputation,true
decor,2243,Classic,"Alliance Reputation",true
decor,2244,Cataclysm,Quest,true
decor,2245,Cataclysm,Quest,true
decor,2246,Classic,"Dungeon Drop",true
decor,2254,Neighbourhoods,"Neighbourhood Vendor",true
decor,2299,Midnight,Quest,true
decor,2301,Profession,Engineering,true
decor,2322,"Battle for Azeroth",Achievement,true
decor,2323,"Battle for Azeroth",Reputation,true
decor,2324,"Battle for Azeroth","Mechagon Dailies",true
decor,2325,"Battle for Azeroth","Mechagon Tinkering",true
decor,2326,"Battle for Azeroth",Achievement,true
decor,2327,"Battle for Azeroth",Reputation,true
decor,2328,"Battle for Azeroth","Mechagon Tinkering",true
decor,2329,Profession,Engineering,true
decor,2330,General,"Pawdo Quests",true
decor,2331,Profession,Jewelcrafting,true
decor,2332,Profession,Blacksmithing,true
decor,2333,Classic,"Alliance Reputation",true
decor,2334,Classic,"Alliance Reputation",true
decor,2337,"Battle for Azeroth",Reputation,true
decor,2338,"Battle for Azeroth",Reputation,true
decor,2339,"Battle for Azeroth",Reputation,true
decor,2340,Profession,Engineering,true
decor,2341,"Battle for Azeroth",Reputation,true
decor,2342,Neighbourhoods,"Neighbourhood Vendor",true
decor,2343,"Battle for Azeroth",Reputation,true
decor,2384,Neighbourhoods,"Neighbourhood Vendor",true
decor,2385,Neighbourhoods,"Neighbourhood Vendor",true
decor,2427,"Battle for Azeroth","Mechagon Tinkering",true
decor,2428,"Battle for Azeroth","Mechagon Tinkering",true
decor,2429,"Battle for Azeroth","Mechagon Tinkering",true
decor,2430,"Battle for Azeroth",Achievement,true
decor,2431,"Battle for Azeroth","Mechagon Dailies",true
decor,2432,"Battle for Azeroth","Mechagon Dailies",true
decor,2433,"Battle for Azeroth",Vendor,true
decor,2434,"Battle for Azeroth","Mechagon Dailies",true
decor,2435,"Battle for Azeroth",Achievement,true
decor,2436,Profession,Engineering,true
decor,2437,"Battle for Azeroth",Reputation,true
decor,2438,"Battle for Azeroth","Mechagon Tinkering",true
decor,2439,Neighbourhoods,"Neighbourhood Vendor",true
decor,2440,Neighbourhoods,"Neighbourhood Vendor",true
decor,2441,Neighbourhoods,"Neighbourhood Vendor",true
decor,2442,Neighbourhoods,"Neighbourhood Vendor",true
decor,2443,Neighbourhoods,"Neighbourhood Vendor",true
decor,2444,Neighbourhoods,"Neighbourhood Vendor",true
decor,2445,Neighbourhoods,"Neighbourhood Vendor",true
decor,2446,Neighbourhoods,"Neighbourhood Vendor",true
decor,2447,Neighbourhoods,"Neighbourhood Vendor",true
decor,2448,Neighbourhoods,"Neighbourhood Vendor",true
decor,2452,Profession,Tailoring,true
decor,2453,Neighbourhoods,"Grummle Endeavors",true
decor,2454,Neighbourhoods,"Neighbourhood Vendor",true
decor,2458,Neighbourhoods,"Neighbourhood Vendor",true
decor,2459,Midnight,Reputation,true
decor,2460,Profession,Enchanting,true
decor,2465,Profession,Engineering,true
decor,2466,"Battle for Azeroth",Quest,true
decor,2467,"Battle for Azeroth",Quest,true
decor,2468,Profession,Cooking,true
decor,2469,Dragonflight,Quest,true
decor,2470,"The War Within",Vendor,true
decor,2471,Profession,Cooking,true
decor,2472,Profession,Cooking,true
decor,2474,Neighbourhoods,"Neighbourhood Vendor",true
decor,2495,Neighbourhoods,"Grummle Endeavors",true
decor,2496,Neighbourhoods,"Neighbourhood Vendor",true
decor,2503,Midnight,Vendor,true
decor,2505,Undiscovered,"Undiscovered Sources",true
decor,2506,Neighbourhoods,"Neighbourhood Vendor",true
decor,2510,Neighbourhoods,"Grummle Endeavors",true
decor,2511,Classic,Vendor,true
decor,2512,"Mists of Pandaria","Dungeon Drop",true
decor,2513,Classic,Vendor,true
decor,2514,Classic,Vendor,true
decor,2515,Undiscovered,"Undiscovered Sources",true
decor,2516,Legion,Nightfallen,true
decor,2517,"The War Within",Quest,true
decor,2518,Undiscovered,"Undiscovered Sources",true
decor,2519,Undiscovered,"Undiscovered Sources",true
decor,2520,Undiscovered,"Undiscovered Sources",true
decor,2521,Undiscovered,"Undiscovered Sources",true
decor,2522,Undiscovered,"Undiscovered Sources",true
decor,2523,Midnight,Vendor,true
decor,2524,Undiscovered,"Undiscovered Sources",true
decor,2525,Undiscovered,"Undiscovered Sources",true
decor,2526,Classic,Vendor,true
decor,2527,Undiscovered,"Undiscovered Sources",true
decor,2528,Undiscovered,"Undiscovered Sources",true
decor,2529,Dragonflight,Quest,true
decor,2530,Legion,Quest,true
decor,2531,Legion,"Dungeon Drop",true
decor,2532,"The War Within",Achievement,true
decor,2533,"The War Within",Achievement,true
decor,2534,Neighbourhoods,"Neighbourhood Vendor",true
decor,2535,Neighbourhoods,"Neighbourhood Vendor",true
decor,2536,Neighbourhoods,"Neighbourhood Vendor",true
decor,2537,Neighbourhoods,"Neighbourhood Vendor",true
decor,2538,Neighbourhoods,"Neighbourhood Vendor",true
decor,2540,Neighbourhoods,"Neighbourhood Vendor",true
decor,2541,Neighbourhoods,"Neighbourhood Vendor",true
decor,2542,Neighbourhoods,"Neighbourhood Vendor",true
decor,2543,Neighbourhoods,"Neighbourhood Vendor",true
decor,2545,Neighbourhoods,"Neighbourhood Vendor",true
decor,2546,Neighbourhoods,"Neighbourhood Vendor",true
decor,2547,Neighbourhoods,"Neighbourhood Vendor",true
decor,2548,Neighbourhoods,"Neighbourhood Vendor",true
decor,2549,Neighbourhoods,"Neighbourhood Vendor",true
decor,2550,Neighbourhoods,"Neighbourhood Vendor",true
decor,2578,Neighbourhoods,"Neighbourhood Vendor",true
decor,2579,Neighbourhoods,"Neighbourhood Vendor",true
decor,2587,Neighbourhoods,"Arcanostorage Sphere",true
decor,2588,Midnight,"Renown: Hara'ti",true
decor,2589,Undiscovered,"Undiscovered Sources",true
decor,2590,Neighbourhoods,"Neighbourhood Vendor",true
decor,2591,Profession,Cooking,true
decor,2592,Neighbourhoods,"Neighbourhood Vendor",true
decor,2593,Profession,Cooking,true
decor,2594,Dragonflight,Quest,true
decor,2595,Profession,Cooking,true
decor,2596,Profession,Cooking,true
decor,2605,Midnight,Quest,true
decor,2606,Midnight,"Raid Drop",true
decor,3826,Neighbourhoods,"Neighbourhood Vendor",true
decor,3827,Neighbourhoods,"Neighbourhood Vendor",true
decor,3831,Profession,Blacksmithing,true
decor,3832,"Mists of Pandaria",Reputation,true
decor,3833,"Mists of Pandaria",Reputation,true
decor,3834,Undiscovered,"Undiscovered Sources",true
decor,3835,Undiscovered,"Undiscovered Sources",true
decor,3836,Undiscovered,"Undiscovered Sources",true
decor,3837,"Battle for Azeroth",Achievement,true
decor,3838,"Battle for Azeroth",Achievement,true
decor,3839,Profession,Inscription,true
decor,3840,"Mists of Pandaria",Reputation,true
decor,3867,PVP,Achievement,true
decor,3868,Profession,Jewelcrafting,true
decor,3869,"Mists of Pandaria",Quest,true
decor,3870,"Mists of Pandaria",Reputation,true
decor,3871,Profession,Inscription,true
decor,3872,"Mists of Pandaria",Reputation,true
decor,3873,Profession,Engineering,true
decor,3874,"Mists of Pandaria",Reputation,true
decor,3875,Profession,Inscription,true
decor,3876,Profession,Jewelcrafting,true
decor,3877,"Mists of Pandaria",Reputation,true
decor,3878,Profession,Tailoring,true
decor,3880,PVP,Achievement,true
decor,3881,PVP,Achievement,true
decor,3882,Undiscovered,"Undiscovered Sources",true
decor,3884,PVP,Achievement,true
decor,3885,PVP,Achievement,true
decor,3886,PVP,Achievement,true
decor,3887,PVP,Achievement,true
decor,3889,Undiscovered,"Undiscovered Sources",true
decor,3890,PVP,Achievement,true
decor,3891,"The War Within","Renown: K'aresh",true
decor,3892,Profession,Blacksmithing,true
decor,3893,PVP,Achievement,true
decor,3894,PVP,Achievement,true
decor,3895,PVP,Achievement,true
decor,3896,PVP,Achievement,true
decor,3897,PVP,Achievement,true
decor,3898,PVP,Achievement,true
decor,3899,PVP,Achievement,true
decor,3900,PVP,Participation,true
decor,3901,Undiscovered,"Undiscovered Sources",true
decor,3902,PVP,Participation,true
decor,3903,PVP,Participation,true
decor,3904,Profession,Leatherworking,true
decor,3905,PVP,Participation,true
decor,3906,PVP,Participation,true
decor,3907,PVP,Participation,true
decor,3908,Undiscovered,"Undiscovered Sources",true
decor,3909,Undiscovered,"Undiscovered Sources",true
decor,3910,Undiscovered,"Undiscovered Sources",true
decor,3911,Undiscovered,"Undiscovered Sources",true
decor,3912,Undiscovered,"Undiscovered Sources",true
decor,3913,Neighbourhoods,"Tortollan Endeavors",true
decor,3914,Undiscovered,"Undiscovered Sources",true
decor,3915,Undiscovered,"Undiscovered Sources",true
decor,3916,Undiscovered,"Undiscovered Sources",true
decor,3917,Undiscovered,"Undiscovered Sources",true
decor,3918,Undiscovered,"Undiscovered Sources",true
decor,3919,Undiscovered,"Undiscovered Sources",true
decor,3922,Midnight,Reputation,true
decor,3981,Legion,Quest,true
decor,3982,Legion,Achievement,true
decor,3983,Legion,Nightfallen,true
decor,3984,Legion,Nightfallen,true
decor,3985,Legion,Nightfallen,true
decor,3993,"Mists of Pandaria",Reputation,true
decor,3994,Profession,Leatherworking,true
decor,3995,"Mists of Pandaria",Quest,true
decor,4022,General,"Pawdo Quests",true
decor,4023,Profession,Blacksmithing,true
decor,4024,Legion,Nightfallen,true
decor,4025,Legion,Quest,true
decor,4026,Legion,Vendor,true
decor,4027,Legion,"Dungeon Drop",true
decor,4028,Legion,Quest,true
decor,4029,General,"Pawdo Quests",true
decor,4030,Profession,Inscription,true
decor,4031,Legion,Quest,true
decor,4032,Profession,Inscription,true
decor,4033,Legion,Vendor,true
decor,4034,Profession,Tailoring,true
decor,4035,Legion,Nightfallen,true
decor,4036,Profession,Blacksmithing,true
decor,4037,Profession,Enchanting,true
decor,4038,Legion,Nightfallen,true
decor,4039,Profession,Inscription,true
decor,4040,Legion,Quest,true
decor,4041,Profession,Tailoring,true
decor,4042,Legion,"Class Hall Achievements",true
decor,4048,Undiscovered,"Undiscovered Sources",true
decor,4157,Neighbourhoods,"Holiday Vendor",true
decor,4158,Undiscovered,"Undiscovered Sources",true
decor,4159,Dragonflight,"Renown: Valdrakken Accord",true
decor,4160,Dragonflight,Achievement,true
decor,4161,Dragonflight,Achievement,true
decor,4162,Profession,Inscription,true
decor,4163,Profession,Inscription,true
decor,4164,Profession,Inscription,true
decor,4165,Profession,Jewelcrafting,true
decor,4166,Profession,Jewelcrafting,true
decor,4167,Profession,Alchemy,true
decor,4168,Dragonflight,"Renown: Valdrakken Accord",true
decor,4169,Profession,Engineering,true
decor,4170,Profession,Leatherworking,true
decor,4172,General,"Pawdo Quests",true
decor,4173,Dragonflight,Vendor,true
decor,4174,Profession,Inscription,true
decor,4175,Profession,Inscription,true
decor,4176,Profession,Inscription,true
decor,4177,Profession,Tailoring,true
decor,4178,Undiscovered,"Undiscovered Sources",true
decor,4180,Dragonflight,Achievement,true
decor,4181,Shadowlands,Achievement,true
decor,4386,Neighbourhoods,"Neighbourhood Vendor",true
decor,4401,Classic,"Dungeon Drop",true
decor,4402,Classic,"Alliance Reputation",true
decor,4403,"Warlords of Draenor",Quest,true
decor,4404,"Warlords of Draenor",Quest,true
decor,4405,Classic,Quest,true
decor,4406,Neighbourhoods,"Neighbourhood Vendor",true
decor,4407,Neighbourhoods,"Neighbourhood Vendor",true
decor,4408,Neighbourhoods,"Neighbourhood Vendor",true
decor,4422,Neighbourhoods,"Neighbourhood Vendor",true
decor,4423,General,Heritage,true
decor,4424,Neighbourhoods,"Grummle Endeavors",true
decor,4425,Neighbourhoods,"Grummle Endeavors",true
decor,4426,Neighbourhoods,"Grummle Endeavors",true
decor,4427,Neighbourhoods,"Grummle Endeavors",true
decor,4428,Neighbourhoods,"Grummle Endeavors",true
decor,4429,Neighbourhoods,"Grummle Endeavors",true
decor,4443,Classic,"Alliance Reputation",true
decor,4444,Classic,Quest,true
decor,4445,Classic,"Alliance Reputation",true
decor,4446,Classic,"Alliance Reputation",true
decor,4447,Classic,Quest,true
decor,4448,"Wrath of the Lich King",Quest,true
decor,4449,Undiscovered,"Undiscovered Sources",true
decor,4450,Undiscovered,"Undiscovered Sources",true
decor,4451,Neighbourhoods,"Neighbourhood Vendor",true
decor,4452,Neighbourhoods,"Neighbourhood Vendor",true
decor,4453,Neighbourhoods,"Neighbourhood Vendor",true
decor,4454,Neighbourhoods,"Neighbourhood Vendor",true
decor,4455,Neighbourhoods,"Neighbourhood Vendor",true
decor,4456,Neighbourhoods,"Neighbourhood Vendor",true
decor,4457,Neighbourhoods,"Neighbourhood Vendor",true
decor,4458,Neighbourhoods,"Neighbourhood Vendor",true
decor,4459,Neighbourhoods,"Neighbourhood Vendor",true
decor,4460,Neighbourhoods,"Neighbourhood Vendor",true
decor,4461,Neighbourhoods,"Neighbourhood Vendor",true
decor,4462,Neighbourhoods,"Neighbourhood Vendor",true
decor,4463,Neighbourhoods,"Neighbourhood Vendor",true
decor,4464,Neighbourhoods,"Neighbourhood Vendor",true
decor,4465,Neighbourhoods,"Neighbourhood Vendor",true
decor,4466,Neighbourhoods,"Neighbourhood Vendor",true
decor,4467,Neighbourhoods,"Neighbourhood Vendor",true
decor,4468,Neighbourhoods,"Neighbourhood Vendor",true
decor,4469,Neighbourhoods,"Neighbourhood Vendor",true
decor,4470,Neighbourhoods,"Neighbourhood Vendor",true
decor,4471,Neighbourhoods,"Neighbourhood Vendor",true
decor,4472,Neighbourhoods,"Neighbourhood Vendor",true
decor,4473,Neighbourhoods,"Neighbourhood Vendor",true
decor,4474,Neighbourhoods,"Neighbourhood Vendor",true
decor,4475,Neighbourhoods,"Neighbourhood Vendor",true
decor,4476,Neighbourhoods,"Neighbourhood Vendor",true
decor,4477,Dragonflight,Quest,true
decor,4478,Dragonflight,"Renown: Valdrakken Accord",true
decor,4479,Dragonflight,Quest,true
decor,4480,Profession,Jewelcrafting,true
decor,4481,Dragonflight,Quest,true
decor,4482,Dragonflight,Achievement,true
decor,4483,Profession,Leatherworking,true
decor,4484,Neighbourhoods,"Neighbourhood Vendor",true
decor,4485,"Warlords of Draenor",Quest,true
decor,4486,"Warlords of Draenor","Alliance Garrison Vendor",true
decor,4487,Classic,Quest,true
decor,4488,"Mists of Pandaria",Quest,true
decor,4489,Undiscovered,"Undiscovered Sources",true
decor,4490,Classic,"Alliance Reputation",true
decor,4560,"The War Within",Reputation,true
decor,4561,Dragonflight,Vendor,true
decor,4562,Neighbourhoods,"Neighbourhood Vendor",true
decor,4811,Classic,"Alliance Reputation",true
decor,4812,Classic,"Alliance Reputation",true
decor,4813,Cataclysm,Reputation,true
decor,4814,Classic,Quest,true
decor,4815,Classic,Quest,true
decor,4816,"Warlords of Draenor","Alliance Garrison Vendor",true
decor,4818,"Warlords of Draenor",Quest,true
decor,4819,Classic,Quest,true
decor,4822,Neighbourhoods,"Neighbourhood Vendor",true
decor,4823,Neighbourhoods,"Neighbourhood Vendor",true
decor,4839,"Wrath of the Lich King",Achievement,true
decor,4841,Classic,Achievement,true
decor,4843,Promotion,"Expansion Editions",true
decor,4844,"Warlords of Draenor","Alliance Garrison Vendor",true
decor,4845,Neighbourhoods,"Neighbourhood Vendor",true
decor,5111,General,"Pawdo Quests",true
decor,5112,Legion,"Class Hall Vendors",true
decor,5113,Legion,"Class Hall Vendors",true
decor,5114,Undiscovered,"Undiscovered Sources",true
decor,5115,Classic,Quest,true
decor,5116,Classic,"Alliance Reputation",true
decor,5117,Legion,"Class Hall Achievements",true
decor,5119,Legion,"Class Hall Achievements",true
decor,5120,Legion,"Class Hall Vendors",true
decor,5126,Legion,"Class Hall Achievements",true
decor,5127,Legion,"Class Hall Vendors",true
decor,5128,Legion,"Class Hall Achievements",true
decor,5129,Profession,Enchanting,true
decor,5130,Midnight,Achievement,true
decor,5131,Midnight,Delves,true
decor,5132,Midnight,"Renown: Singularity",true
decor,5133,Profession,Jewelcrafting,true
decor,5136,Legion,"Highmountain Tribe",true
decor,5292,Legion,"Class Hall Vendors",true
decor,5342,Profession,Jewelcrafting,true
decor,5525,Legion,"Class Hall Achievements",true
decor,5526,Legion,"Class Hall Achievements",true
decor,5527,Legion,"Class Hall Achievements",true
decor,5528,Legion,"Class Hall Vendors",true
decor,5529,Legion,"Class Hall Achievements",true
decor,5530,Legion,"Class Hall Vendors",true
decor,5531,Legion,"Class Hall Vendors",true
decor,5532,Legion,"Class Hall Vendors",true
decor,5533,Undiscovered,"Undiscovered Sources",true
decor,5534,Legion,"Class Hall Achievements",true
decor,5555,Legion,"Class Hall Achievements",true
decor,5556,Dragonflight,Reputation,true
decor,5557,Undiscovered,"Undiscovered Sources",true
decor,5558,Dragonflight,Reputation,true
decor,5559,Dragonflight,Reputation,true
decor,5560,Dragonflight,"Dracthyr Quest",true
decor,5561,Neighbourhoods,"Neighbourhood Vendor",true
decor,5562,Legion,"Class Hall Vendors",true
decor,5563,Neighbourhoods,"Neighbourhood Vendor",true
decor,5564,Midnight,"Renown: Silvermoon Court",true
decor,5575,Legion,"Class Hall Achievements",true
decor,5648,Midnight,"Renown: Zul'jarra's Forces",true
decor,5651,Midnight,"Renown: Hara'ti",true
decor,5687,Neighbourhoods,"Neighbourhood Vendor",true
decor,5688,Neighbourhoods,"Neighbourhood Vendor",true
decor,5689,Dragonflight,Reputation,true
decor,5796,Neighbourhoods,"Arcanostorage Sphere",true
decor,5851,Neighbourhoods,"Neighbourhood Vendor",true
decor,5853,Neighbourhoods,"Neighbourhood Vendor",true
decor,5854,Neighbourhoods,"Neighbourhood Vendor",true
decor,5855,Neighbourhoods,"Neighbourhood Vendor",true
decor,5877,Legion,"Class Hall Vendors",true
decor,5878,Legion,"Class Hall Achievements",true
decor,5879,Legion,"Class Hall Achievements",true
decor,5880,Legion,"Class Hall Vendors",true
decor,5881,Legion,"Class Hall Vendors",true
decor,5882,Legion,"Class Hall Achievements",true
decor,5883,Undiscovered,"Undiscovered Sources",true
decor,5884,Undiscovered,"Undiscovered Sources",true
decor,5885,Undiscovered,"Undiscovered Sources",true
decor,5886,Undiscovered,"Undiscovered Sources",true
decor,5887,Undiscovered,"Undiscovered Sources",true
decor,5888,Legion,"Class Hall Achievements",true
decor,5889,Legion,"Class Hall Vendors",true
decor,5890,Legion,"Class Hall Achievements",true
decor,5891,Legion,"Class Hall Achievements",true
decor,5892,Legion,"Class Hall Achievements",true
decor,5893,Legion,"Class Hall Vendors",true
decor,5894,Legion,"Class Hall Vendors",true
decor,5895,Legion,"Class Hall Achievements",true
decor,5896,Legion,"Class Hall Vendors",true
decor,5897,Legion,"Class Hall Vendors",true
decor,5898,Legion,"Class Hall Achievements",true
decor,7571,Legion,"Class Hall Achievements",true
decor,7572,Legion,"Class Hall Vendors",true
decor,7573,Legion,"Class Hall Vendors",true
decor,7574,Legion,"Class Hall Achievements",true
decor,7575,Legion,"Class Hall Achievements",true
decor,7576,Legion,"Class Hall Vendors",true
decor,7577,Legion,"Class Hall Achievements",true
decor,7579,Legion,"Class Hall Vendors",true
decor,7582,Neighbourhoods,"Neighbourhood Vendor",true
decor,7583,Neighbourhoods,"Neighbourhood Vendor",true
decor,7584,Neighbourhoods,"Neighbourhood Vendor",true
decor,7585,Neighbourhoods,"Neighbourhood Vendor",true
decor,7606,Legion,"Class Hall Vendors",true
decor,7607,Legion,"Class Hall Vendors",true
decor,7608,Legion,"Class Hall Vendors",true
decor,7609,Legion,"Class Hall Achievements",true
decor,7610,"World Events","Remix: Legion",true
decor,7620,"World Events","Remix: Legion",true
decor,7621,"World Events","Remix: Legion",true
decor,7622,"World Events","Remix: Legion",true
decor,7623,"World Events","Remix: Legion",true
decor,7624,"World Events","Remix: Legion",true
decor,7625,"World Events","Remix: Legion",true
decor,7658,"World Events","Remix: Legion",true
decor,7668,Neighbourhoods,"Draconic Endeavors",true
decor,7686,"World Events","Remix: Legion",true
decor,7687,"World Events","Remix: Legion",true
decor,7688,Neighbourhoods,"Neighbourhood Vendor",true
decor,7689,Neighbourhoods,"Neighbourhood Vendor",true
decor,7690,"World Events","Remix: Legion",true
decor,7691,Neighbourhoods,"Draconic Endeavors",true
decor,7692,Neighbourhoods,"Draconic Endeavors",true
decor,7693,Neighbourhoods,"Draconic Endeavors",true
decor,7694,Neighbourhoods,"Draconic Endeavors",true
decor,7695,Neighbourhoods,"Draconic Endeavors",true
decor,7696,Neighbourhoods,"Draconic Endeavors",true
decor,7697,Neighbourhoods,"Draconic Endeavors",true
decor,7698,Neighbourhoods,"Draconic Endeavors",true
decor,7699,Neighbourhoods,"Draconic Endeavors",true
decor,7700,Neighbourhoods,"Draconic Endeavors",true
decor,7701,Neighbourhoods,"Draconic Endeavors",true
decor,7780,Midnight,Vendor,true
decor,7782,Midnight,Reputation,true
decor,7815,Legion,"Class Hall Vendors",true
decor,7816,Legion,"Class Hall Vendors",true
decor,7817,Legion,"Class Hall Vendors",true
decor,7818,Legion,"Class Hall Achievements",true
decor,7819,Legion,"Class Hall Achievements",true
decor,7820,Legion,"Class Hall Achievements",true
decor,7821,Legion,"Class Hall Vendors",true
decor,7822,Legion,"Class Hall Achievements",true
decor,7823,Legion,"Class Hall Achievements",true
decor,7824,Legion,"Class Hall Achievements",true
decor,7825,Promotion,"Blizzard Store",true
decor,7826,Promotion,"Blizzard Store",true
decor,7827,Promotion,"Blizzard Store",true
decor,7828,Promotion,"Blizzard Store",true
decor,7829,Promotion,"Blizzard Store",true
decor,7830,Promotion,"Blizzard Store",true
decor,7832,Undiscovered,"Undiscovered Sources",false
decor,7833,Undiscovered,"Undiscovered Sources",true
decor,7834,Undiscovered,"Undiscovered Sources",false
decor,7835,Dragonflight,Quest,true
decor,7836,Neighbourhoods,"Neighbourhood Vendor",true
decor,7837,Legion,"Class Hall Achievements",true
decor,7838,Legion,"Class Hall Achievements",true
decor,7839,Legion,"Class Hall Vendors",true
decor,7840,Undiscovered,"Undiscovered Sources",true
decor,7841,Legion,"Class Hall Vendors",true
decor,7842,Neighbourhoods,"Neighbourhood Vendor",true
decor,7871,Neighbourhoods,"Neighbourhood Vendor",true
decor,7872,Neighbourhoods,"Neighbourhood Vendor",true
decor,7873,Legion,"Class Hall Achievements",true
decor,7874,Legion,"Class Hall Achievements",true
decor,7875,Legion,"Class Hall Vendors",true
decor,7896,Dragonflight,Quest,true
decor,8176,"Warlords of Draenor",Assaults,true
decor,8177,"Warlords of Draenor",Quest,true
decor,8178,"Warlords of Draenor","Dungeon Drop",true
decor,8179,Neighbourhoods,"Grummle Endeavors",true
decor,8180,Neighbourhoods,"Grummle Endeavors",true
decor,8181,Neighbourhoods,"Grummle Endeavors",true
decor,8182,Neighbourhoods,"Grummle Endeavors",true
decor,8185,"Warlords of Draenor","Alliance Reputation",true
decor,8186,"Warlords of Draenor",Quest,true
decor,8187,"Warlords of Draenor",Quest,true
decor,8188,"Warlords of Draenor","Alliance Reputation",true
decor,8189,Legion,Quest,true
decor,8190,"Warlords of Draenor","Alliance Reputation",true
decor,8191,Profession,Engineering,true
decor,8192,"Warlords of Draenor","Alliance Reputation",true
decor,8193,"Warlords of Draenor","Alliance Reputation",true
decor,8194,"Warlords of Draenor","Alliance Reputation",true
decor,8195,Legion,Dreamweavers,true
decor,8196,Profession,Jewelcrafting,true
decor,8235,"Warlords of Draenor","Alliance Reputation",true
decor,8236,Neighbourhoods,"Neighbourhood Vendor",true
decor,8237,Profession,Tailoring,true
decor,8238,"Warlords of Draenor",Assaults,true
decor,8239,"Warlords of Draenor",Quest,true
decor,8240,"Warlords of Draenor",Quest,true
decor,8241,Profession,Jewelcrafting,true
decor,8242,"Warlords of Draenor","Alliance Reputation",true
decor,8768,Legion,"Class Hall Achievements",true
decor,8769,Neighbourhoods,"Neighbourhood Vendor",true
decor,8770,Neighbourhoods,"Neighbourhood Vendor",true
decor,8771,Neighbourhoods,"Neighbourhood Vendor",true
decor,8772,"Warlords of Draenor",Quest,true
decor,8785,"Warlords of Draenor",Quest,true
decor,8786,"Warlords of Draenor",Quest,true
decor,8787,Profession,Enchanting,true
decor,8810,"World Events","Remix: Legion",true
decor,8811,"World Events","Remix: Legion",true
decor,8844,Undiscovered,"Undiscovered Sources",true
decor,8872,Midnight,Achievement,true
decor,8874,Midnight,Quest,true
decor,8875,Midnight,Treasure,true
decor,8877,Midnight,Quest,true
decor,8889,Midnight,Delves,true
decor,8907,Neighbourhoods,"Neighbourhood Vendor",true
decor,8910,Neighbourhoods,"Neighbourhood Vendor",true
decor,8911,Neighbourhoods,"Neighbourhood Vendor",true
decor,8912,Neighbourhoods,"Neighbourhood Vendor",true
decor,8916,Midnight,"Renown: Hara'ti",true
decor,8917,Neighbourhoods,"Neighbourhood Vendor",true
decor,8918,Neighbourhoods,"Neighbourhood Vendor",true
decor,8974,Neighbourhoods,"Neighbourhood Vendor",true
decor,8975,Neighbourhoods,"Neighbourhood Vendor",true
decor,8976,Neighbourhoods,"Neighbourhood Vendor",true
decor,8977,Neighbourhoods,"Neighbourhood Vendor",true
decor,8978,Neighbourhoods,"Neighbourhood Vendor",true
decor,8982,Classic,"Alliance Reputation",true
decor,8983,Profession,Inscription,true
decor,8984,"Battle for Azeroth","Alliance Reputation",true
decor,8985,Neighbourhoods,"Neighbourhood Vendor",true
decor,8986,Neighbourhoods,"Neighbourhood Vendor",true
decor,8987,Neighbourhoods,"Grummle Endeavors",true
decor,8988,Neighbourhoods,"Grummle Endeavors",true
decor,8989,Neighbourhoods,"Grummle Endeavors",true
decor,8990,Neighbourhoods,"Cursed Keepsake",true
decor,8993,Midnight,Quest,true
decor,9035,"Battle for Azeroth",Quest,true
decor,9036,"Battle for Azeroth","Alliance Reputation",true
decor,9037,"Battle for Azeroth","Alliance Reputation",true
decor,9038,Profession,Inscription,true
decor,9039,"Battle for Azeroth",Vendor,true
decor,9040,"Battle for Azeroth",Vendor,true
decor,9041,"Battle for Azeroth",Quest,true
decor,9042,"Battle for Azeroth",Vendor,true
decor,9043,"Battle for Azeroth","Alliance Reputation",true
decor,9044,"Battle for Azeroth",Quest,true
decor,9045,"Battle for Azeroth","Alliance Reputation",true
decor,9046,Profession,Blacksmithing,true
decor,9047,"Battle for Azeroth","Alliance Reputation",true
decor,9048,Profession,Blacksmithing,true
decor,9049,"Battle for Azeroth",Quest,true
decor,9050,Profession,Inscription,true
decor,9051,"Battle for Azeroth","Alliance Reputation",true
decor,9052,"Battle for Azeroth",Quest,true
decor,9053,"Battle for Azeroth",Vendor,true
decor,9054,"Battle for Azeroth",Quest,true
decor,9055,"Battle for Azeroth",Quest,true
decor,9056,Neighbourhoods,"Neighbourhood Vendor",true
decor,9057,Neighbourhoods,"Neighbourhood Vendor",true
decor,9058,Neighbourhoods,"Neighbourhood Vendor",true
decor,9059,Neighbourhoods,"Neighbourhood Vendor",true
decor,9060,Neighbourhoods,"Neighbourhood Vendor",true
decor,9061,Undiscovered,"Undiscovered Sources",true
decor,9062,Neighbourhoods,"Neighbourhood Vendor",true
decor,9063,Neighbourhoods,"Neighbourhood Vendor",true
decor,9064,Neighbourhoods,"Neighbourhood Vendor",true
decor,9065,Promotion,"Blizzard Store",true
decor,9139,"Battle for Azeroth","Alliance Reputation",true
decor,9140,"Battle for Azeroth",Achievement,true
decor,9141,"Battle for Azeroth",Achievement,true
decor,9142,"Battle for Azeroth",Quest,true
decor,9143,Neighbourhoods,"Neighbourhood Vendor",true
decor,9144,Neighbourhoods,"Neighbourhood Vendor",true
decor,9149,Promotion,"Expansion Editions",true
decor,9150,Promotion,"Expansion Editions",true
decor,9151,Promotion,"Expansion Editions",true
decor,9152,Promotion,"Expansion Editions",true
decor,9165,"World Events","Remix: Legion",true
decor,9166,"Battle for Azeroth",Quest,true
decor,9167,Profession,Tailoring,true
decor,9168,"The War Within",Quest,true
decor,9169,"The War Within",Achievement,true
decor,9170,Profession,Alchemy,true
decor,9176,Neighbourhoods,"Neighbourhood Vendor",true
decor,9177,Neighbourhoods,"Neighbourhood Vendor",true
decor,9178,"The War Within",Quest,true
decor,9179,"The War Within",Quest,true
decor,9180,Profession,Inscription,true
decor,9181,"The War Within",Achievement,true
decor,9182,"The War Within",Quest,true
decor,9183,"The War Within",Quest,true
decor,9184,Profession,Inscription,true
decor,9185,"The War Within",Achievement,true
decor,9186,"The War Within",Quest,true
decor,9187,Profession,Enchanting,true
decor,9188,"The War Within",Quest,true
decor,9236,"The War Within","Renown: Khaz Algar",true
decor,9237,"The War Within",Achievement,true
decor,9238,Profession,Inscription,true
decor,9239,Profession,Inscription,true
decor,9240,"The War Within",Quest,true
decor,9241,Profession,Inscription,true
decor,9242,General,"Pawdo Quests",true
decor,9243,Profession,Inscription,true
decor,9244,PVP,Achievement,true
decor,9245,Profession,Enchanting,true
decor,9246,"The War Within",Quest,true
decor,9247,General,"Pawdo Quests",true
decor,9248,Midnight,Quest,true
decor,9249,Midnight,Quest,true
decor,9250,Midnight,Quest,true
decor,9251,Midnight,Quest,true
decor,9252,Midnight,Quest,true
decor,9253,Midnight,Quest,true
decor,9254,Neighbourhoods,"Neighbourhood Vendor",true
decor,9255,Neighbourhoods,"Neighbourhood Vendor",true
decor,9261,Undiscovered,"Undiscovered Sources",true
decor,9263,"Mists of Pandaria","Raid Drop",true
decor,9264,Undiscovered,"Undiscovered Sources",true
decor,9265,Undiscovered,"Undiscovered Sources",false
decor,9266,Profession,Enchanting,true
decor,9267,Legion,Quest,true
decor,9268,Profession,Engineering,true
decor,9269,Profession,Jewelcrafting,true
decor,9270,Undiscovered,"Undiscovered Sources",false
decor,9271,Undiscovered,"Undiscovered Sources",false
decor,9272,Undiscovered,"Undiscovered Sources",false
decor,9273,Undiscovered,"Undiscovered Sources",false
decor,9274,Undiscovered,"Undiscovered Sources",false
decor,9275,Undiscovered,"Undiscovered Sources",false
decor,9276,Undiscovered,"Undiscovered Sources",false
decor,9277,Undiscovered,"Undiscovered Sources",false
decor,9278,Undiscovered,"Undiscovered Sources",false
decor,9279,Undiscovered,"Undiscovered Sources",false
decor,9280,Undiscovered,"Undiscovered Sources",false
decor,9281,Undiscovered,"Undiscovered Sources",false
decor,9289,Neighbourhoods,"Cursed Keepsake",true
decor,9290,Neighbourhoods,"Arcanostorage Sphere",true
decor,9419,Neighbourhoods,"Silvermoon Endeavors",true
decor,9420,Neighbourhoods,"Silvermoon Endeavors",true
decor,9421,Neighbourhoods,"Silvermoon Endeavors",true
decor,9422,Neighbourhoods,"Silvermoon Endeavors",true
decor,9423,Neighbourhoods,"Silvermoon Endeavors",true
decor,9424,Classic,Quest,true
decor,9425,Undiscovered,"Undiscovered Sources",true
decor,9426,Undiscovered,"Undiscovered Sources",true
decor,9427,Undiscovered,"Undiscovered Sources",true
decor,9428,Undiscovered,"Undiscovered Sources",true
decor,9429,Undiscovered,"Undiscovered Sources",true
decor,9430,Undiscovered,"Undiscovered Sources",true
decor,9431,Undiscovered,"Undiscovered Sources",true
decor,9432,Undiscovered,"Undiscovered Sources",true
decor,9433,Undiscovered,"Undiscovered Sources",true
decor,9434,Undiscovered,"Undiscovered Sources",true
decor,9435,Undiscovered,"Undiscovered Sources",true
decor,9436,Undiscovered,"Undiscovered Sources",true
decor,9437,Undiscovered,"Undiscovered Sources",true
decor,9438,Undiscovered,"Undiscovered Sources",true
decor,9439,Midnight,Quest,true
decor,9440,Midnight,Quest,true
decor,9441,Midnight,Quest,true
decor,9442,Undiscovered,"Undiscovered Sources",true
decor,9443,Promotion,"Blizzard Store",true
decor,9444,Promotion,"Blizzard Store",true
decor,9471,Neighbourhoods,"Neighbourhood Vendor",true
decor,9472,Neighbourhoods,"Neighbourhood Vendor",true
decor,9473,Neighbourhoods,"Neighbourhood Vendor",true
decor,9474,Neighbourhoods,"Neighbourhood Vendor",true
decor,9475,Midnight,Quest,true
decor,9476,Neighbourhoods,"Silvermoon Endeavors",true
decor,9477,Neighbourhoods,"Silvermoon Endeavors",true
decor,9478,Neighbourhoods,"Silvermoon Endeavors",true
decor,9479,Midnight,Vendor,true
decor,9480,Midnight,Vendor,true
decor,9481,Midnight,Vendor,true
decor,9482,Midnight,Vendor,true
decor,9483,Midnight,Vendor,true
decor,9484,Midnight,Vendor,true
decor,9485,Midnight,Vendor,true
decor,9486,Midnight,Vendor,true
decor,9487,Midnight,Vendor,true
decor,9488,Midnight,Vendor,true
decor,9489,Midnight,Vendor,true
decor,9490,Midnight,Vendor,true
decor,9491,Midnight,Vendor,true
decor,9492,Midnight,Vendor,true
decor,9493,Midnight,Vendor,true
decor,9494,Midnight,Vendor,true
decor,9495,Midnight,Vendor,true
decor,9496,Midnight,Vendor,true
decor,9497,Midnight,Vendor,true
decor,9624,Midnight,Quest,true
decor,9627,Neighbourhoods,"Cursed Keepsake",true
decor,9628,Midnight,Vendor,true
decor,9629,Midnight,Vendor,true
decor,9630,Neighbourhoods,"Neighbourhood Vendor",true
decor,10273,Neighbourhoods,"Silvermoon Endeavors",true
decor,10324,Neighbourhoods,"Neighbourhood Vendor",true
decor,10327,Midnight,Quest,true
decor,10334,Neighbourhoods,"Neighbourhood Vendor",true
decor,10335,Neighbourhoods,"Neighbourhood Vendor",true
decor,10336,Neighbourhoods,"Neighbourhood Vendor",true
decor,10337,Neighbourhoods,"Neighbourhood Vendor",true
decor,10338,Neighbourhoods,"Neighbourhood Vendor",true
decor,10339,Neighbourhoods,"Mechagnome Endeavors",true
decor,10340,Neighbourhoods,"Mechagnome Endeavors",true
decor,10341,Neighbourhoods,"Mechagnome Endeavors",true
decor,10342,Neighbourhoods,"Mechagnome Endeavors",true
decor,10343,Neighbourhoods,"Mechagnome Endeavors",true
decor,10344,Neighbourhoods,"Mechagnome Endeavors",true
decor,10345,Neighbourhoods,"Mechagnome Endeavors",true
decor,10346,Neighbourhoods,"Mechagnome Endeavors",true
decor,10347,Neighbourhoods,"Mechagnome Endeavors",true
decor,10348,Neighbourhoods,"Mechagnome Endeavors",true
decor,10349,Neighbourhoods,"Mechagnome Endeavors",true
decor,10350,Neighbourhoods,"Mechagnome Endeavors",true
decor,10351,Neighbourhoods,"Mechagnome Endeavors",true
decor,10352,Neighbourhoods,"Mechagnome Endeavors",true
decor,10354,Neighbourhoods,"Mechagnome Endeavors",true
decor,10355,Neighbourhoods,"Mechagnome Endeavors",true
decor,10356,Promotion,"Blizzard Store",true
decor,10367,Neighbourhoods,"Neighbourhood Vendor",true
decor,10368,Neighbourhoods,"Arcanostorage Sphere",true
decor,10381,Neighbourhoods,"Neighbourhood Vendor",true
decor,10537,Neighbourhoods,"Mechagnome Endeavors",true
decor,10542,Midnight,Achievement,true
decor,10778,Midnight,Quest,true
decor,10791,Neighbourhoods,"Neighbourhood Vendor",true
decor,10852,"The War Within",Reputation,true
decor,10853,"The War Within",Reputation,true
decor,10854,Undiscovered,"Undiscovered Sources",true
decor,10855,Neighbourhoods,"Neighbourhood Vendor",true
decor,10856,Neighbourhoods,"Neighbourhood Vendor",true
decor,10857,"The War Within",Reputation,true
decor,10858,Midnight,Quest,true
decor,10859,Neighbourhoods,"Amani Troll Endeavors",true
decor,10860,Neighbourhoods,"Neighbourhood Vendor",true
decor,10862,Neighbourhoods,"Cursed Keepsake",true
decor,10887,"Battle for Azeroth","Dungeon Drop",true
decor,10888,Dragonflight,Vendor,true
decor,10889,"The War Within",Reputation,true
decor,10890,Neighbourhoods,"Neighbourhood Vendor",true
decor,10891,Neighbourhoods,"Neighbourhood Vendor",true
decor,10892,Neighbourhoods,"Neighbourhood Vendor",true
decor,10893,Neighbourhoods,"Neighbourhood Vendor",true
decor,10896,Neighbourhoods,"Cursed Keepsake",true
decor,10913,"World Events","Brawler's Guild",true
decor,10944,Midnight,"Renown: Silvermoon Court",true
decor,10946,Undiscovered,"Undiscovered Sources",true
decor,10947,Undiscovered,"Undiscovered Sources",true
decor,10950,"Burning Crusade","Horde Reputation",true
decor,10952,Neighbourhoods,"Neighbourhood Vendor",true
decor,10962,General,"Pawdo Quests",true
decor,10963,Dragonflight,"Renown: Valdrakken Accord",true
decor,10964,Profession,Enchanting,true
decor,10965,Profession,Enchanting,true
decor,10966,Undiscovered,"Undiscovered Sources",true
decor,10967,Undiscovered,"Undiscovered Sources",true
decor,11127,"The War Within",Reputation,true
decor,11128,"The War Within",Vendor,true
decor,11129,Neighbourhoods,"Neighbourhood Vendor",true
decor,11130,Classic,Vendor,true
decor,11131,Cataclysm,Quest,true
decor,11133,Classic,"Alliance Reputation",true
decor,11137,Dragonflight,"Dungeon Drop",true
decor,11138,Undiscovered,"Undiscovered Sources",false
decor,11139,Neighbourhoods,"Neighbourhood Vendor",true
decor,11140,Neighbourhoods,"Cursed Keepsake",true
decor,11160,"Mists of Pandaria",Achievement,true
decor,11162,Profession,Blacksmithing,true
decor,11163,Dragonflight,"Dungeon Drop",true
decor,11164,Dragonflight,Quest,true
decor,11165,Profession,Blacksmithing,true
decor,11274,Classic,Quest,true
decor,11275,Legion,"Class Hall Achievements",true
decor,11276,Legion,"Class Hall Vendors",true
decor,11277,Undiscovered,"Undiscovered Sources",true
decor,11278,"World Events","Remix: Legion",true
decor,11279,"World Events","Remix: Legion",true
decor,11280,Legion,"Class Hall Achievements",true
decor,11281,Profession,Alchemy,true
decor,11282,Profession,Enchanting,true
decor,11283,Legion,"Raid Drop",true
decor,11284,Midnight,"Dungeon Drop",true
decor,11285,Neighbourhoods,"Cursed Keepsake",true
decor,11287,Undiscovered,"Undiscovered Sources",false
decor,11296,PVP,Achievement,true
decor,11301,Cataclysm,Quest,true
decor,11305,Cataclysm,Quest,true
decor,11307,Legion,"Class Hall Achievements",true
decor,11315,Legion,Achievement,true
decor,11319,"Battle for Azeroth","Horde Reputation",true
decor,11322,Undiscovered,"Undiscovered Sources",true
decor,11323,Midnight,Vendor,true
decor,11324,Midnight,"Renown: Amani Tribe",true
decor,11325,Midnight,Achievement,true
decor,11326,Midnight,"Renown: Amani Tribe",true
decor,11327,Midnight,"Renown: Amani Tribe",true
decor,11328,Midnight,Quest,true
decor,11333,Midnight,"Renown: Amani Tribe",true
decor,11334,Midnight,"Renown: Amani Tribe",true
decor,11370,Profession,Blacksmithing,true
decor,11371,Profession,Blacksmithing,true
decor,11372,Profession,Enchanting,true
decor,11373,Profession,Enchanting,true
decor,11374,Profession,Blacksmithing,true
decor,11375,Profession,Blacksmithing,true
decor,11376,Profession,Alchemy,true
decor,11377,Profession,Blacksmithing,true
decor,11378,Profession,Alchemy,true
decor,11379,Profession,Alchemy,true
decor,11380,Profession,Alchemy,true
decor,11381,Profession,Alchemy,true
decor,11382,Profession,Alchemy,true
decor,11383,Profession,Blacksmithing,true
decor,11384,Profession,Blacksmithing,true
decor,11385,Profession,Alchemy,true
decor,11386,Profession,Alchemy,true
decor,11387,Profession,Alchemy,true
decor,11388,Profession,Tailoring,true
decor,11431,Profession,Enchanting,true
decor,11432,Profession,Enchanting,true
decor,11433,Profession,Enchanting,true
decor,11434,Profession,Enchanting,true
decor,11435,Profession,Enchanting,true
decor,11436,Profession,Enchanting,true
decor,11437,Neighbourhoods,"Neighbourhood Vendor",true
decor,11438,Profession,Alchemy,true
decor,11439,Profession,Enchanting,true
decor,11440,Profession,Alchemy,true
decor,11451,"Warlords of Draenor","Alliance Vendor",true
decor,11453,General,Lorewalking,true
decor,11454,Dragonflight,Quest,true
decor,11455,"The War Within",Achievement,true
decor,11456,General,Lorewalking,true
decor,11457,General,Lorewalking,true
decor,11461,Neighbourhoods,"Neighbourhood Vendor",true
decor,11470,Midnight,Achievement,true
decor,11479,Neighbourhoods,"Neighbourhood Vendor",true
decor,11480,Neighbourhoods,"Neighbourhood Vendor",true
decor,11481,Neighbourhoods,"Neighbourhood Vendor",true
decor,11482,Neighbourhoods,"Neighbourhood Vendor",true
decor,11483,Legion,Vendor,true
decor,11484,"Battle for Azeroth","Horde Reputation",true
decor,11485,Undiscovered,"Undiscovered Sources",true
decor,11486,Legion,"Class Hall Achievements",true
decor,11487,Legion,Quest,true
decor,11488,Undiscovered,"Undiscovered Sources",true
decor,11489,"Battle for Azeroth","Horde Reputation",true
decor,11490,Profession,Leatherworking,true
decor,11491,Legion,Quest,true
decor,11492,Profession,Tailoring,true
decor,11493,Legion,"Class Hall Achievements",true
decor,11494,Profession,Enchanting,true
decor,11495,Classic,Vendor,true
decor,11496,Profession,Jewelcrafting,true
decor,11497,Profession,Blacksmithing,true
decor,11498,Cataclysm,Quest,true
decor,11499,Midnight,Quest,true
decor,11500,"Burning Crusade","Horde Reputation",true
decor,11501,Undiscovered,"Undiscovered Sources",false
decor,11502,Midnight,"Renown: Silvermoon Court",true
decor,11503,Midnight,"Renown: Silvermoon Court",true
decor,11707,Undiscovered,"Undiscovered Sources",true
decor,11708,Legion,Vendor,true
decor,11718,Profession,Engineering,true
decor,11719,Neighbourhoods,"Neighbourhood Vendor",true
decor,11720,Neighbourhoods,"Neighbourhood Vendor",true
decor,11721,Neighbourhoods,"Neighbourhood Vendor",true
decor,11722,Profession,Leatherworking,true
decor,11723,Profession,Alchemy,true
decor,11724,Profession,Inscription,true
decor,11725,Profession,Inscription,true
decor,11751,Legion,Achievement,true
decor,11752,Legion,Quest,true
decor,11753,Legion,Quest,true
decor,11754,Legion,Paragon,true
decor,11755,Profession,Leatherworking,true
decor,11779,Profession,Leatherworking,true
decor,11814,"Battle for Azeroth",Drop,true
decor,11869,Undiscovered,"Undiscovered Sources",true
decor,11870,Undiscovered,"Undiscovered Sources",true
decor,11871,Undiscovered,"Undiscovered Sources",true
decor,11872,"Wrath of the Lich King",Quest,true
decor,11873,"Mists of Pandaria",Reputation,true
decor,11874,Neighbourhoods,"Neighbourhood Vendor",true
decor,11878,Profession,Leatherworking,true
decor,11879,Profession,Leatherworking,true
decor,11880,Profession,Inscription,true
decor,11881,Profession,Engineering,true
decor,11882,Profession,Engineering,true
decor,11883,Profession,Tailoring,true
decor,11884,Profession,Engineering,true
decor,11885,Profession,Inscription,true
decor,11886,Profession,Inscription,true
decor,11887,Profession,Inscription,true
decor,11888,Profession,Jewelcrafting,true
decor,11889,Profession,Jewelcrafting,true
decor,11890,Profession,Tailoring,true
decor,11891,Profession,Inscription,true
decor,11892,Profession,Inscription,true
decor,11893,Profession,Leatherworking,true
decor,11894,Profession,Tailoring,true
decor,11895,Profession,Inscription,true
decor,11896,Profession,Jewelcrafting,true
decor,11897,Profession,Inscription,true
decor,11898,Profession,Inscription,true
decor,11899,Profession,Jewelcrafting,true
decor,11900,Profession,Alchemy,true
decor,11901,Profession,Alchemy,true
decor,11902,Profession,Alchemy,true
decor,11903,Profession,Inscription,true
decor,11904,Profession,Engineering,true
decor,11905,Legion,Vendor,true
decor,11906,"Wrath of the Lich King",Quest,true
decor,11907,Legion,Quest,true
decor,11908,Legion,Quest,true
decor,11909,Legion,Achievement,true
decor,11910,Profession,Inscription,true
decor,11911,Profession,Engineering,true
decor,11912,Profession,Engineering,true
decor,11913,Profession,Jewelcrafting,true
decor,11914,Undiscovered,"Undiscovered Sources",true
decor,11915,Undiscovered,"Undiscovered Sources",true
decor,11916,Undiscovered,"Undiscovered Sources",true
decor,11917,Profession,Inscription,true
decor,11918,Profession,Enchanting,true
decor,11919,Profession,Leatherworking,true
decor,11920,Profession,Inscription,true
decor,11921,Profession,Engineering,true
decor,11922,Profession,Inscription,true
decor,11923,Profession,Inscription,true
decor,11924,Profession,Inscription,true
decor,11925,Profession,Inscription,true
decor,11926,Profession,Leatherworking,true
decor,11927,Profession,Inscription,true
decor,11928,Profession,Engineering,true
decor,11929,Profession,Engineering,true
decor,11930,"The War Within",Quest,true
decor,11931,"The War Within",Quest,true
decor,11932,"The War Within",Quest,true
decor,11933,"The War Within",Quest,true
decor,11934,"The War Within","Dungeon Drop",true
decor,11935,Profession,Inscription,true
decor,11936,Midnight,"Renown: Amani Tribe",true
decor,11940,Promotion,"Blizzard Store",true
decor,11941,Profession,Tailoring,true
decor,11942,"World Events","Remix: Legion",true
decor,11943,Neighbourhoods,"Neighbourhood Vendor",true
decor,11944,Dragonflight,Vendor,true
decor,11945,Profession,Tailoring,true
decor,11946,Profession,Tailoring,true
decor,11947,Undiscovered,"Undiscovered Sources",true
decor,11948,"The War Within","Renown: K'aresh",true
decor,11949,Neighbourhoods,"Neighbourhood Vendor",true
decor,11950,Undiscovered,"Undiscovered Sources",true
decor,11951,Undiscovered,"Undiscovered Sources",true
decor,11952,"The War Within","Renown: K'aresh",true
decor,11953,Undiscovered,"Undiscovered Sources",true
decor,12140,Midnight,Vendor,true
decor,12141,Midnight,Vendor,true
decor,12142,Midnight,Vendor,true
decor,12143,Midnight,Vendor,true
decor,12145,Neighbourhoods,"Cursed Keepsake",true
decor,12154,Midnight,"Renown: Amani Tribe",true
decor,12161,Profession,Tailoring,true
decor,12162,Profession,Leatherworking,true
decor,12163,Profession,Enchanting,true
decor,12164,Profession,Enchanting,true
decor,12165,Profession,Tailoring,true
decor,12169,Neighbourhoods,"Neighbourhood Vendor",true
decor,12170,Neighbourhoods,"Neighbourhood Vendor",true
decor,12171,Promotion,"Blizzard Store",true
decor,12172,Promotion,"Blizzard Store",true
decor,12173,Promotion,"Blizzard Store",true
decor,12174,Neighbourhoods,"Neighbourhood Vendor",true
decor,12189,Neighbourhoods,"Neighbourhood Vendor",true
decor,12190,Neighbourhoods,"Neighbourhood Vendor",true
decor,12192,Neighbourhoods,"Neighbourhood Vendor",true
decor,12193,Neighbourhoods,"Neighbourhood Vendor",true
decor,12194,Neighbourhoods,"Neighbourhood Vendor",true
decor,12195,"The War Within","Renown: K'aresh",true
decor,12196,"The War Within","Renown: K'aresh",true
decor,12197,"The War Within","Renown: K'aresh",true
decor,12198,"The War Within","Renown: K'aresh",true
decor,12199,Neighbourhoods,"Neighbourhood Vendor",true
decor,12200,Profession,Archaeology,true
decor,12201,"Warlords of Draenor",Quest,true
decor,12202,"Warlords of Draenor",Quest,true
decor,12203,"Warlords of Draenor",Reputation,true
decor,12204,"Warlords of Draenor","Dungeon Drop",true
decor,12205,"Warlords of Draenor",Quest,true
decor,12206,"Warlords of Draenor",Reputation,true
decor,12207,"Warlords of Draenor",Reputation,true
decor,12208,"Warlords of Draenor",Quest,true
decor,12209,"Warlords of Draenor",Quest,true
decor,12210,"Battle for Azeroth",Vendor,true
decor,12211,"The War Within","Renown: K'aresh",true
decor,12212,"The War Within","Renown: K'aresh",true
decor,12214,Neighbourhoods,"Neighbourhood Vendor",true
decor,12215,Neighbourhoods,"Neighbourhood Vendor",true
decor,12217,"The War Within","Renown: K'aresh",true
decor,12218,"The War Within","Renown: K'aresh",true
decor,12220,"The War Within","Renown: K'aresh",true
decor,12223,Promotion,"Blizzard Store",true
decor,12244,Promotion,"Blizzard Store",false
decor,12245,Promotion,"Blizzard Store",false
decor,12246,Promotion,"Blizzard Store",false
decor,12247,Promotion,"Diablo IV",true
decor,12248,Promotion,"Diablo IV",true
decor,12249,Promotion,"Diablo IV",true
decor,12250,Promotion,"Diablo IV",true
decor,12251,Promotion,"Diablo IV",true
decor,12252,Promotion,"Diablo IV",true
decor,12253,Promotion,"Diablo IV",true
decor,12254,Promotion,"Diablo IV",true
decor,12255,Promotion,"Diablo IV",true
decor,12256,Promotion,"Diablo IV",true
decor,12257,Promotion,"Diablo IV",true
decor,12258,Promotion,"Diablo IV",true
decor,12259,Promotion,"Diablo IV",true
decor,12260,Promotion,"Diablo IV",true
decor,12261,Promotion,"Diablo IV",true
decor,12262,Promotion,"Diablo IV",true
decor,12263,"World Events","Brawler's Guild",true
decor,12264,Promotion,"Blizzard Store",false
decor,12265,Promotion,"Blizzard Store",false
decor,12300,Undiscovered,"Undiscovered Sources",false
decor,12453,Neighbourhoods,"Neighbourhood Vendor",true
decor,12454,Neighbourhoods,"Neighbourhood Vendor",true
decor,12455,Neighbourhoods,"Neighbourhood Vendor",true
decor,12456,Neighbourhoods,"Neighbourhood Vendor",true
decor,12457,Neighbourhoods,"Neighbourhood Vendor",true
decor,12458,Neighbourhoods,"Neighbourhood Vendor",true
decor,12459,Neighbourhoods,"Neighbourhood Vendor",true
decor,14204,Midnight,"Renown: Amani Tribe",true
decor,14330,Dragonflight,"Dungeon Drop",true
decor,14346,Neighbourhoods,"Neighbourhood Vendor",true
decor,14347,Neighbourhoods,"Neighbourhood Vendor",true
decor,14348,Neighbourhoods,"Neighbourhood Vendor",true
decor,14350,Midnight,"Renown: Amani Tribe",true
decor,14351,Midnight,"Renown: Amani Tribe",true
decor,14352,Midnight,"Renown: Amani Tribe",true
decor,14358,Legion,"Class Hall Achievements",true
decor,14359,"The War Within",Quest,true
decor,14360,"The War Within",Quest,true
decor,14361,Legion,"Class Hall Achievements",true
decor,14379,Legion,Quest,true
decor,14380,Profession,Jewelcrafting,true
decor,14381,"The War Within",Quest,true
decor,14382,Neighbourhoods,"Neighbourhood Vendor",true
decor,14383,Neighbourhoods,"Neighbourhood Vendor",true
decor,14432,Promotion,"Blizzard Store",true
decor,14433,Promotion,"Blizzard Store",true
decor,14461,Legion,"Class Hall Achievements",true
decor,14467,Midnight,"Pre-Launch Event",false
decor,14553,Profession,Jewelcrafting,true
decor,14554,Midnight,Quest,true
decor,14555,Profession,Tailoring,true
decor,14557,Profession,Alchemy,true
decor,14558,Profession,Alchemy,true
decor,14559,Profession,Alchemy,true
decor,14579,Profession,Leatherworking,true
decor,14580,Profession,Enchanting,true
decor,14581,Profession,Blacksmithing,true
decor,14582,Profession,Blacksmithing,true
decor,14583,Neighbourhoods,"House Level",true
decor,14584,Profession,Jewelcrafting,true
decor,14585,Profession,Enchanting,true
decor,14586,Profession,Blacksmithing,true
decor,14587,Profession,Blacksmithing,true
decor,14588,Profession,Enchanting,true
decor,14589,Profession,Enchanting,true
decor,14590,Profession,Blacksmithing,true
decor,14591,Profession,Jewelcrafting,true
decor,14592,Midnight,"Renown: Singularity",true
decor,14593,Midnight,"Renown: Singularity",true
decor,14594,Profession,Inscription,true
decor,14595,Profession,Engineering,true
decor,14596,Midnight,"Renown: Singularity",true
decor,14597,Midnight,Treasure,true
decor,14598,Profession,Enchanting,true
decor,14599,Profession,Jewelcrafting,true
decor,14600,Profession,Enchanting,true
decor,14601,Profession,Jewelcrafting,true
decor,14602,Midnight,Quest,true
decor,14603,Midnight,"Renown: Singularity",true
decor,14615,Undiscovered,"Undiscovered Sources",false
decor,14616,Profession,Enchanting,true
decor,14617,Profession,Tailoring,true
decor,14618,Profession,Tailoring,true
decor,14619,Profession,Tailoring,true
decor,14620,Profession,Inscription,true
decor,14621,Profession,Inscription,true
decor,14622,Profession,Inscription,true
decor,14623,Profession,Inscription,true
decor,14624,Profession,Tailoring,true
decor,14625,Profession,Leatherworking,true
decor,14626,Profession,Inscription,true
decor,14627,Profession,Engineering,true
decor,14631,Midnight,Quest,true
decor,14632,Midnight,"Renown: Singularity",true
decor,14633,Midnight,"Zone Feature",true
decor,14634,Midnight,"Renown: Singularity",true
decor,14635,Midnight,Quest,true
decor,14636,Profession,Tailoring,true
decor,14637,Profession,Inscription,true
decor,14638,Profession,Jewelcrafting,true
decor,14639,Midnight,Quest,true
decor,14640,Profession,Inscription,true
decor,14641,Profession,Inscription,true
decor,14642,Profession,Engineering,true
decor,14643,Profession,Engineering,true
decor,14644,Legion,"Class Hall Achievements",true
decor,14676,Profession,Jewelcrafting,true
decor,14677,Neighbourhoods,"K'areshi Endeavors",true
decor,14678,Neighbourhoods,"K'areshi Endeavors",true
decor,14679,Neighbourhoods,"K'areshi Endeavors",true
decor,14680,Neighbourhoods,"K'areshi Endeavors",true
decor,14730,Undiscovered,"Undiscovered Sources",false
decor,14731,Undiscovered,"Undiscovered Sources",false
decor,14793,Neighbourhoods,"K'areshi Endeavors",true
decor,14799,Midnight,Quest,true
decor,14800,Neighbourhoods,"K'areshi Endeavors",true
decor,14806,Midnight,"Dungeon Drop",true
decor,14807,Neighbourhoods,"Neighbourhood Vendor",true
decor,14808,Midnight,"Renown: Hara'ti",true
decor,14809,Midnight,Quest,true
decor,14810,Undiscovered,"Undiscovered Sources",true
decor,14811,Undiscovered,"Undiscovered Sources",true
decor,14812,Undiscovered,"Undiscovered Sources",true
decor,14813,Undiscovered,"Undiscovered Sources",true
decor,14814,Neighbourhoods,"Neighbourhood Vendor",true
decor,14815,"World Events","Brawler's Guild",true
decor,14816,Profession,Enchanting,true
decor,14817,Neighbourhoods,"Neighbourhood Vendor",true
decor,14818,Neighbourhoods,"Neighbourhood Vendor",true
decor,14820,Profession,Inscription,true
decor,14822,Midnight,Delves,true
decor,14823,Midnight,Quest,true
decor,14824,Midnight,Vendor,true
decor,14825,Midnight,"Renown: Hara'ti",true
decor,14827,Midnight,Quest,true
decor,14828,Midnight,Delves,true
decor,14829,Neighbourhoods,"K'areshi Endeavors",true
decor,14830,Neighbourhoods,"K'areshi Endeavors",true
decor,14831,Neighbourhoods,"K'areshi Endeavors",true
decor,14832,Neighbourhoods,"K'areshi Endeavors",true
decor,14833,Neighbourhoods,"K'areshi Endeavors",true
decor,14834,Neighbourhoods,"K'areshi Endeavors",true
decor,14835,Profession,Engineering,true
decor,14838,Promotion,"Blizzard Store",true
decor,14839,Promotion,"Blizzard Store",true
decor,14965,Midnight,"Renown: Hara'ti",true
decor,14967,Midnight,"Renown: Hara'ti",true
decor,14968,Midnight,Quest,true
decor,14970,Midnight,Reputation,true
decor,14971,Midnight,"Renown: Silvermoon Court",true
decor,14972,Midnight,"Renown: Silvermoon Court",true
decor,14977,Midnight,Treasure,true
decor,14978,Midnight,Reputation,true
decor,14979,Midnight,Reputation,true
decor,14985,Midnight,"Renown: Silvermoon Court",true
decor,14995,Midnight,Reputation,true
decor,15013,Midnight,Reputation,true
decor,15059,Midnight,"Renown: Silvermoon Court",true
decor,15060,Midnight,"Renown: Silvermoon Court",true
decor,15061,Midnight,"Dungeon Drop",true
decor,15062,Midnight,Quest,true
decor,15063,Midnight,"Renown: Silvermoon Court",true
decor,15064,Midnight,Delves,true
decor,15065,Midnight,"Renown: Silvermoon Court",true
decor,15069,Midnight,"Dungeon Drop",true
decor,15070,Neighbourhoods,,true
decor,15071,Midnight,Quest,true
decor,15072,Neighbourhoods,,true
decor,15073,Neighbourhoods,,true
decor,15074,Neighbourhoods,,true
decor,15140,Promotion,"Blizzard Store",true
decor,15141,Promotion,"Blizzard Store",true
decor,15142,Neighbourhoods,,true
decor,15143,Neighbourhoods,,true
decor,15144,Neighbourhoods,,true
decor,15145,Neighbourhoods,,true
decor,15146,Neighbourhoods,,true
decor,15147,Neighbourhoods,,true
decor,15148,Promotion,"Twitch Drops",false
decor,15149,Promotion,"Twitch Drops",false
decor,15150,Neighbourhoods,,true
decor,15151,Promotion,"Twitch Drops",false
decor,15152,Neighbourhoods,,true
decor,15153,Promotion,"Twitch Drops",true
decor,15155,Midnight,Quest,true
decor,15156,Midnight,"Renown: Zul'jarra's Forces",true
decor,15157,Neighbourhoods,"Amani Troll Endeavors",true
decor,15158,Midnight,"Renown: Amani Tribe",true
decor,15160,Midnight,"Renown: Amani Tribe",true
decor,15229,Promotion,Fanta,false
decor,15260,Midnight,"Renown: Singularity",true
decor,15261,Neighbourhoods,"Neighbourhood Vendor",true
decor,15262,Neighbourhoods,"Neighbourhood Vendor",true
decor,15263,Neighbourhoods,"Neighbourhood Vendor",true
decor,15264,Neighbourhoods,"Neighbourhood Vendor",true
decor,15265,Neighbourhoods,"Amani Troll Endeavors",true
decor,15266,Profession,Blacksmithing,true
decor,15283,Midnight,Achievement,true
decor,15284,Midnight,"Prey Drop",true
decor,15285,Neighbourhoods,"Amani Troll Endeavors",true
decor,15286,Neighbourhoods,"Cursed Keepsake",true
decor,15290,Neighbourhoods,"Neighbourhood Vendor",true
decor,15339,Undiscovered,"Undiscovered Sources",true
decor,15399,Midnight,Vendor,true
decor,15400,Midnight,Vendor,true
decor,15401,Midnight,Vendor,true
decor,15402,Profession,Alchemy,true
decor,15403,Profession,Blacksmithing,true
decor,15404,Profession,Cooking,true
decor,15405,Profession,Enchanting,true
decor,15406,Profession,Engineering,true
decor,15407,Profession,Fishing,true
decor,15408,Profession,Herbalism,true
decor,15409,Profession,Inscription,true
decor,15410,Profession,Jewelcrafting,true
decor,15411,Profession,Leatherworking,true
decor,15412,Midnight,Vendor,true
decor,15413,Midnight,Vendor,true
decor,15453,Legion,Dreamweavers,true
decor,15454,Neighbourhoods,"Neighbourhood Vendor",true
decor,15455,Midnight,Vendor,true
decor,15457,Profession,Mining,true
decor,15458,Profession,Skinning,true
decor,15459,Profession,Tailoring,true
decor,15460,Midnight,Vendor,true
decor,15463,Midnight,Quest,true
decor,15467,Midnight,"Raid Drop",true
decor,15477,Legion,"Class Hall Achievements",true
decor,15478,Midnight,Vendor,true
decor,15479,Profession,Leatherworking,true
decor,15480,Midnight,Vendor,true
decor,15481,Midnight,"Raid Drop",true
decor,15483,Midnight,Quest,true
decor,15484,Midnight,Vendor,true
decor,15486,Midnight,Vendor,true
decor,15487,Midnight,Vendor,true
decor,15488,Midnight,Reputation,true
decor,15489,Midnight,Vendor,true
decor,15490,Midnight,Quest,true
decor,15492,Midnight,Quest,true
decor,15493,Midnight,Delves,true
decor,15494,Midnight,Achievement,true
decor,15497,Midnight,Quest,true
decor,15499,Midnight,"Renown: Silvermoon Court",true
decor,15500,Midnight,"Renown: Silvermoon Court",true
decor,15501,Midnight,Achievement,true
decor,15502,Midnight,"Renown: Hara'ti",true
decor,15503,Midnight,"Renown: Hara'ti",true
decor,15504,Midnight,"Renown: Hara'ti",true
decor,15506,Midnight,"Renown: Zul'jarra's Forces",true
decor,15547,Promotion,"Blizzard Store",false
decor,15548,Promotion,"Blizzard Store",false
decor,15549,Promotion,"Blizzard Store",false
decor,15550,Promotion,Fanta,false
decor,15551,Promotion,Fanta,false
decor,15552,Promotion,Fanta,false
decor,15553,"Limited Time",Promotion,true
decor,15554,"Limited Time",Promotion,true
decor,15555,"Limited Time",Promotion,true
decor,15567,Midnight,Delves,true
decor,15568,Midnight,Delves,true
decor,15569,Midnight,"Renown: Zul'jarra's Forces",true
decor,15570,Midnight,"Dungeon Drop",true
decor,15571,Midnight,"Renown: Amani Tribe",true
decor,15572,Midnight,Quest,true
decor,15573,Midnight,Achievement,true
decor,15574,Midnight,"Dungeon Drop",true
decor,15575,Midnight,"Renown: Singularity",true
decor,15576,Midnight,"Dungeon Drop",true
decor,15578,Midnight,"Renown: Singularity",true
decor,15579,Midnight,Quest,true
decor,15581,Midnight,"Renown: Singularity",true
decor,15582,Midnight,Delves,true
decor,15583,Midnight,"Zone Feature",true
decor,15584,Midnight,"Renown: Singularity",true
decor,15585,Midnight,Reputation,true
decor,15595,"Mists of Pandaria",Quest,true
decor,15596,Midnight,"Renown: Amani Tribe",true
decor,15597,Midnight,"Renown: Singularity",true
decor,15598,Neighbourhoods,"Neighbourhood Vendor",true
decor,15599,Neighbourhoods,"Neighbourhood Vendor",true
decor,15605,"Mists of Pandaria",Quest,true
decor,15654,Undiscovered,"Undiscovered Sources",false
decor,15668,"Limited Time",Promotion,true
decor,15669,"Limited Time",Promotion,true
decor,15741,Legion,Quest,true
decor,15743,Midnight,Quest,true
decor,15744,Midnight,Quest,true
decor,15745,Midnight,Quest,true
decor,15746,Midnight,Treasure,true
decor,15747,Midnight,"Zone Feature",true
decor,15755,Midnight,"Raid Drop",true
decor,15756,Midnight,"Raid Drop",true
decor,15757,Midnight,Achievement,true
decor,15758,Midnight,"Raid Drop",true
decor,15761,Midnight,"Raid Drop",true
decor,15762,Midnight,"Raid Drop",true
decor,15764,Undiscovered,"Undiscovered Sources",true
decor,15768,Midnight,Quest,true
decor,15769,Midnight,"Renown: Singularity",true
decor,15851,Midnight,Vendor,true
decor,15890,Midnight,Achievement,true
decor,15891,Midnight,Quest,true
decor,15894,Midnight,Quest,true
decor,15895,Midnight,Quest,true
decor,16012,Profession,Blacksmithing,true
decor,16013,Profession,Leatherworking,true
decor,16014,Profession,Tailoring,true
decor,16015,Profession,Inscription,true
decor,16027,Neighbourhoods,,true
decor,16028,Neighbourhoods,,true
decor,16029,Neighbourhoods,,true
decor,16030,Neighbourhoods,,true
decor,16031,Neighbourhoods,,true
decor,16032,Neighbourhoods,,true
decor,16033,Neighbourhoods,,true
decor,16034,Neighbourhoods,,true
decor,16035,Neighbourhoods,,true
decor,16036,Neighbourhoods,,true
decor,16037,Neighbourhoods,,true
decor,16038,Neighbourhoods,,true
decor,16039,Promotion,"Blizzard Store",true
decor,16082,Profession,Alchemy,true
decor,16083,Profession,Alchemy,true
decor,16084,Profession,Engineering,true
decor,16085,Profession,Engineering,true
decor,16086,Profession,Alchemy,true
decor,16087,Profession,Blacksmithing,true
decor,16088,Profession,Engineering,true
decor,16089,Profession,Leatherworking,true
decor,16090,Profession,Tailoring,true
decor,16092,Midnight,Quest,true
decor,16093,Midnight,"Raid Drop",true
decor,16094,Midnight,"Dungeon Drop",true
decor,16097,Undiscovered,"Undiscovered Sources",true
decor,16098,Neighbourhoods,,true
decor,16099,Neighbourhoods,,true
decor,16100,Neighbourhoods,,true
decor,16101,Neighbourhoods,,true
decor,16102,Neighbourhoods,,true
decor,16219,Profession,Alchemy,true
decor,16220,Profession,Alchemy,true
decor,16227,Neighbourhoods,"Niffen Endeavors",true
decor,16228,Neighbourhoods,"Niffen Endeavors",true
decor,16229,Neighbourhoods,"Niffen Endeavors",true
decor,16230,Neighbourhoods,"Niffen Endeavors",true
decor,16231,Neighbourhoods,"Niffen Endeavors",true
decor,16232,Neighbourhoods,"Niffen Endeavors",true
decor,16233,Neighbourhoods,"Niffen Endeavors",true
decor,16234,Neighbourhoods,"Niffen Endeavors",true
decor,16235,Neighbourhoods,"Niffen Endeavors",true
decor,16236,Neighbourhoods,"Niffen Endeavors",true
decor,16237,Neighbourhoods,"Niffen Endeavors",true
decor,16314,Undiscovered,"Undiscovered Sources",true
decor,16315,Neighbourhoods,"Niffen Endeavors",true
decor,16316,Midnight,Vendor,true
decor,16691,Midnight,Quest,true
decor,16754,Undiscovered,"Undiscovered Sources",true
decor,16808,Midnight,Vendor,true
decor,16811,Neighbourhoods,,true
decor,16812,Neighbourhoods,,true
decor,16813,Promotion,"Twitch Drops",false
decor,16814,Neighbourhoods,,true
decor,16815,Neighbourhoods,,true
decor,16816,Neighbourhoods,,true
decor,16817,Neighbourhoods,,true
decor,16818,Promotion,"Twitch Drops",false
decor,16819,Neighbourhoods,,true
decor,16820,Neighbourhoods,,true
decor,16821,Neighbourhoods,,true
decor,16822,Neighbourhoods,,true
decor,16962,Neighbourhoods,"Niffen Endeavors",true
decor,16964,Neighbourhoods,,true
decor,16965,Promotion,"Twitch Drops",false
decor,16966,Neighbourhoods,,true
decor,16967,Neighbourhoods,,true
decor,16968,Neighbourhoods,,true
decor,16969,Neighbourhoods,,true
decor,16970,Neighbourhoods,,true
decor,16971,Neighbourhoods,,true
decor,16972,Neighbourhoods,,true
decor,16973,Neighbourhoods,,true
decor,16974,Promotion,"Blizzard Store",true
decor,16975,Promotion,"Blizzard Store",true
decor,16976,Promotion,"Blizzard Store",true
decor,16977,Promotion,"Blizzard Store",true
decor,16978,Promotion,"Blizzard Store",true
decor,17294,Midnight,Quest,true
decor,17358,Neighbourhoods,"Neighbourhood Vendor",true
decor,17359,Neighbourhoods,"Neighbourhood Vendor",true
decor,17439,Midnight,Prey,true
decor,17440,Midnight,Prey,true
decor,17441,Midnight,Prey,true
decor,17442,Midnight,Prey,true
decor,17443,Midnight,Prey,true
decor,17444,Midnight,Prey,true
decor,17446,Midnight,Prey,true
decor,17447,Midnight,Prey,true
decor,17449,Midnight,Prey,true
decor,17450,Midnight,Prey,true
decor,17452,Midnight,Prey,true
decor,17453,Midnight,Prey,true
decor,17454,Midnight,Prey,true
decor,17455,Midnight,Prey,true
decor,17456,Midnight,Prey,true
decor,17457,Midnight,Prey,true
decor,17458,Midnight,Prey,true
decor,17459,Midnight,Prey,true
decor,17460,Midnight,Prey,true
decor,17462,Midnight,Prey,true
decor,17464,Midnight,Prey,true
decor,17465,Midnight,Prey,true
decor,17467,Midnight,Prey,true
decor,17469,Midnight,Prey,true
decor,17472,Midnight,Prey,true
decor,17474,Midnight,Prey,true
decor,17515,Profession,Leatherworking,true
decor,17516,Midnight,Achievement,true
decor,17518,Midnight,Prey,true
decor,17519,Midnight,Prey,true
decor,17520,Midnight,Prey,true
decor,17521,Midnight,Prey,true
decor,17522,Midnight,Prey,true
decor,17523,Midnight,Prey,true
decor,17609,Neighbourhoods,"Neighbourhood Vendor",true
decor,17610,Neighbourhoods,"Neighbourhood Vendor",true
decor,17611,Neighbourhoods,"Neighbourhood Vendor",true
decor,17628,Midnight,"Raid Drop",false
decor,17629,Midnight,"Raid Drop",false
decor,17630,Midnight,"Raid Drop",false
decor,17740,Undiscovered,"Undiscovered Sources",true
decor,17747,Promotion,"Blizzard Store",true
decor,17748,Promotion,"Blizzard Store",true
decor,17749,Promotion,"Blizzard Store",true
decor,17750,Neighbourhoods,,true
decor,17787,Undiscovered,"Undiscovered Sources",true
decor,17792,Promotion,"Blizzard Store",true
decor,17793,Promotion,"Blizzard Store",true
decor,17794,Promotion,"Blizzard Store",true
decor,17795,Promotion,"Blizzard Store",true
decor,17796,Promotion,"Blizzard Store",true
decor,17797,Promotion,"Blizzard Store",true
decor,17799,Midnight,Vendor,true
decor,17800,Profession,Leatherworking,true
decor,17862,Neighbourhoods,"Neighbourhood Vendor",true
decor,17863,Neighbourhoods,"Neighbourhood Vendor",true
decor,17864,Neighbourhoods,"Neighbourhood Vendor",true
decor,17865,Neighbourhoods,"Neighbourhood Vendor",true
decor,17866,Neighbourhoods,"Neighbourhood Vendor",true
decor,17867,Neighbourhoods,"Neighbourhood Vendor",true
decor,17868,Neighbourhoods,"Neighbourhood Vendor",true
decor,17869,Neighbourhoods,"Neighbourhood Vendor",true
decor,17870,Neighbourhoods,"Neighbourhood Vendor",true
decor,17871,Neighbourhoods,"Neighbourhood Vendor",true
decor,17872,Neighbourhoods,"Neighbourhood Vendor",true
decor,17873,Neighbourhoods,"Neighbourhood Vendor",true
decor,17874,Neighbourhoods,"Neighbourhood Vendor",true
decor,17879,Neighbourhoods,"Neighbourhood Vendor",true
decor,17880,Neighbourhoods,"Neighbourhood Vendor",true
decor,17886,Midnight,Quest,true
decor,17918,Neighbourhoods,"Neighbourhood Vendor",true
decor,17919,Neighbourhoods,"Neighbourhood Vendor",true
decor,18396,Midnight,"Raid Drop",false
decor,18397,Midnight,"Raid Drop",false
decor,18398,Midnight,"Raid Drop",false
decor,18483,"Wrath of the Lich King","Dungeon Drop",true
decor,18484,"Battle for Azeroth","Raid Drop",true
decor,18485,Midnight,Delves,true
decor,18614,Neighbourhoods,"Neighbourhood Vendor",true
decor,18615,Midnight,Delves,true
decor,18617,Midnight,Quest,true
decor,18618,Neighbourhoods,"Neighbourhood Vendor",true
decor,18619,Neighbourhoods,"Neighbourhood Vendor",true
decor,18620,Neighbourhoods,"Neighbourhood Vendor",true
decor,18793,Neighbourhoods,"Neighbourhood Vendor",true
decor,18794,Promotion,"Blizzard Store",true
decor,18796,Neighbourhoods,"Cursed Keepsake",true
decor,18798,Midnight,Vendor,true
decor,18800,Midnight,Quest,true
decor,18802,Midnight,Vendor,true
decor,18880,Neighbourhoods,"Cursed Keepsake",true
decor,18897,Midnight,Vendor,true
decor,18900,Midnight,"Renown: Zul'jarra's Forces",true
decor,18901,Midnight,Vendor,true
decor,18960,Neighbourhoods,"Cursed Keepsake",true
decor,19159,Neighbourhoods,"Neighbourhood Vendor",true
decor,19197,Midnight,"Raid Drop",false
decor,19198,Midnight,"Raid Drop",false
decor,19215,Neighbourhoods,"Neighbourhood Vendor",true
decor,19216,Neighbourhoods,"Neighbourhood Vendor",true
decor,19217,Neighbourhoods,"Neighbourhood Vendor",true
decor,19218,Neighbourhoods,"Neighbourhood Vendor",true
decor,19219,Neighbourhoods,"Neighbourhood Vendor",true
decor,19229,Profession,Enchanting,true
decor,19231,Profession,Enchanting,true
decor,19234,Profession,Enchanting,true
decor,19252,Midnight,"Raid Drop",false
decor,19688,Neighbourhoods,,true
decor,19689,Neighbourhoods,,true
decor,19690,Neighbourhoods,,true
decor,19691,Neighbourhoods,,true
decor,19763,Midnight,"Decor Duels",true
decor,19848,Promotion,"Blizzard Store",true
decor,20166,Neighbourhoods,,true
decor,20332,Neighbourhoods,"Cursed Keepsake",true
decor,20632,Midnight,"Raid Drop",true
decor,20679,Midnight,Vendor,true
decor,21060,Neighbourhoods,,true
decor,21061,Neighbourhoods,,true
decor,21079,Midnight,"Decor Duels",true
decor,21080,Midnight,"Decor Duels",true
decor,21101,Midnight,"Decor Duels",true
decor,21102,Midnight,Vendor,true
decor,21106,Midnight,"Decor Duels",true
decor,21324,Midnight,"Renown: Zul'jarra's Forces",true
decor,21325,Midnight,"Renown: Zul'jarra's Forces",true
decor,21598,Midnight,"Renown: Ritual Sites",true
decor,21602,Midnight,"Decor Duels",true
decor,21615,Midnight,Treasure,true
decor,21616,Midnight,Quest,true
decor,21617,Midnight,"Renown: Zul'jarra's Forces",true
decor,21653,Midnight,Vendor,true
decor,21720,Midnight,Vendor,true
decor,21725,Midnight,Quest,true
decor,21832,Midnight,Vendor,true
decor,21833,Midnight,Vendor,true
decor,21857,General,Lorewalking,true
decor,21873,Neighbourhoods,"Cursed Keepsake",true
decor,21886,Neighbourhoods,"Cursed Keepsake",true
decor,21945,Neighbourhoods,,true
decor,21946,Neighbourhoods,,true
decor,21947,Neighbourhoods,,true
decor,21948,Neighbourhoods,,true
decor,21950,Neighbourhoods,"Neighbourhood Vendor",true
decor,21951,Midnight,Vendor,true
decor,21952,Midnight,"Raid Drop",true
decor,21953,Midnight,Vendor,true
decor,22006,Midnight,"Decor Duels",true
decor,22007,Midnight,"Decor Duels",true
decor,22008,Midnight,"Decor Duels",true
decor,22009,Midnight,"Decor Duels",true
decor,22010,Midnight,"Decor Duels",true
decor,22011,Midnight,"Decor Duels",true
decor,22143,Midnight,"Renown: Ritual Sites",true
decor,22145,Midnight,Prey,true
decor,22146,Midnight,Prey,true
decor,22147,Midnight,Prey,true
decor,22148,Midnight,Prey,true
decor,22181,Midnight,"Renown: Ritual Sites",true
decor,22182,Midnight,"Renown: Ritual Sites",true
decor,22183,Midnight,"Renown: Ritual Sites",true
decor,22388,Midnight,"Renown: Ritual Sites",true
decor,22775,Neighbourhoods,,true
decor,22916,Neighbourhoods,"Amani Troll Endeavors",true
decor,22917,Neighbourhoods,"Amani Troll Endeavors",true
decor,22918,Neighbourhoods,"Amani Troll Endeavors",true
decor,22919,Neighbourhoods,"Amani Troll Endeavors",true
decor,22920,Neighbourhoods,"Amani Troll Endeavors",true
decor,22921,Neighbourhoods,"Amani Troll Endeavors",true
decor,22922,Neighbourhoods,"Amani Troll Endeavors",true
decor,22924,Neighbourhoods,"Amani Troll Endeavors",true
decor,22925,Neighbourhoods,"Amani Troll Endeavors",true
decor,22926,Neighbourhoods,"Amani Troll Endeavors",true
decor,22927,Neighbourhoods,"Amani Troll Endeavors",true
decor,23176,Neighbourhoods,"Ohn'ahran Centaur Endeavors",true
decor,23177,Neighbourhoods,"Ohn'ahran Centaur Endeavors",true
decor,23178,Neighbourhoods,"Ohn'ahran Centaur Endeavors",true
decor,23179,Neighbourhoods,"Ohn'ahran Centaur Endeavors",true
decor,23180,Neighbourhoods,"Ohn'ahran Centaur Endeavors",true
decor,23181,Neighbourhoods,"Ohn'ahran Centaur Endeavors",true
decor,23182,Neighbourhoods,"Ohn'ahran Centaur Endeavors",true
decor,23183,Neighbourhoods,"Ohn'ahran Centaur Endeavors",true
decor,23184,Neighbourhoods,"Ohn'ahran Centaur Endeavors",true
decor,23185,Neighbourhoods,"Ohn'ahran Centaur Endeavors",true
decor,23186,Neighbourhoods,"Ohn'ahran Centaur Endeavors",true
decor,23188,Neighbourhoods,"Amani Troll Endeavors",true
decor,23548,Neighbourhoods,"Ohn'ahran Centaur Endeavors",true
decor,23549,Neighbourhoods,"Ohn'ahran Centaur Endeavors",true
decor,23550,Neighbourhoods,"Ohn'ahran Centaur Endeavors",true
decor,23551,Neighbourhoods,"Ohn'ahran Centaur Endeavors",true
decor,23553,Neighbourhoods,"Neighbourhood Vendor",true
decor,23554,Neighbourhoods,"Neighbourhood Vendor",true
decor,23555,Neighbourhoods,"Neighbourhood Vendor",true
decor,23556,Neighbourhoods,"Neighbourhood Vendor",true
decor,23557,Neighbourhoods,"Neighbourhood Vendor",true
decor,23558,Neighbourhoods,"Neighbourhood Vendor",true
decor,23559,Neighbourhoods,"Neighbourhood Vendor",true
decor,23560,Neighbourhoods,"Neighbourhood Vendor",true
decor,23706,Midnight,Football,true
decor,23707,Neighbourhoods,"Neighbourhood Vendor",true
decor,23708,Neighbourhoods,"Neighbourhood Vendor",true
decor,23709,Neighbourhoods,"Neighbourhood Vendor",true
decor,23710,Neighbourhoods,"Neighbourhood Vendor",true
decor,23871,Midnight,Vendor,true
decor,23873,Midnight,"Renown: Zul'jarra's Forces",true
decor,23874,Midnight,"Renown: Zul'jarra's Forces",true
decor,23875,Midnight,"Renown: Zul'jarra's Forces",true
decor,23876,Midnight,"Renown: Zul'jarra's Forces",true
decor,23881,Midnight,Vendor,true
decor,24193,Midnight,Football,true
decor,24194,Midnight,Football,true
decor,24512,Midnight,Vendor,true
decor,24519,Midnight,Vendor,true
decor,24765,Midnight,Vendor,true
decor,24889,Midnight,Delves,true
decor,24890,Midnight,Prey,true
decor,24891,Midnight,Prey,true
decor,25101,Neighbourhoods,"Neighbourhood Vendor",true
decor,25102,Neighbourhoods,"Neighbourhood Vendor",true
decor,25103,Neighbourhoods,"Neighbourhood Vendor",true
decor,25105,Neighbourhoods,"Neighbourhood Vendor",true
decor,25106,Neighbourhoods,"Neighbourhood Vendor",true
decor,25121,Neighbourhoods,"Neighbourhood Vendor",true
decor,25122,Neighbourhoods,"Neighbourhood Vendor",true
decor,25128,Neighbourhoods,"Amani Troll Endeavors",true
decor,25131,Midnight,"Raid Drop",true
decor,25132,Midnight,"Raid Drop",true
decor,25133,Midnight,"Raid Drop",true
decor,25137,Midnight,Vendor,true
decor,25138,Midnight,Vendor,true
decor,25139,Midnight,Vendor,true
decor,25274,Midnight,Vendor,true
decor,25279,Midnight,Vendor,true
decor,25284,Midnight,Vendor,true
decor,25286,Midnight,Vendor,true
decor,25287,Midnight,Vendor,true
decor,25288,Midnight,Vendor,true
decor,25289,Midnight,Vendor,true
decor,25292,Midnight,Vendor,true
decor,25293,Midnight,"Dungeon Drop",true
decor,25294,Midnight,"Renown: Zul'jarra's Forces",true
decor,25295,Midnight,"Renown: Zul'jarra's Forces",true
decor,25296,Midnight,Vendor,true
decor,25297,Midnight,Reputation,true
decor,25299,Midnight,Reputation,true
decor,25300,Midnight,Reputation,true
decor,25307,Midnight,Achievement,true
decor,25336,Midnight,Reputation,true
decor,25337,Midnight,"Prey Drop",true
decor,25546,Neighbourhoods,Pepe,true
decor,25564,Midnight,Vendor,true
decor,25565,Midnight,Vendor,true
decor,25566,Midnight,Vendor,true
decor,25664,Midnight,Vendor,true
decor,25665,Midnight,Vendor,true
decor,25666,"World Events",Brewfest,true
decor,25672,"World Events",Brewfest,true
decor,25673,"World Events",Brewfest,true
decor,25674,"World Events",Brewfest,true
decor,25675,Neighbourhoods,"Holiday Vendor",true
decor,25765,Neighbourhoods,"Neighbourhood Vendor",true
decor,25812,Midnight,"Raid Drop",true
decor,25813,Midnight,"Raid Drop",true
decor,25895,Neighbourhoods,"Neighbourhood Vendor",true
decor,25896,Neighbourhoods,"Neighbourhood Vendor",true
decor,25936,Promotion,Blizzcon,true
decor,26097,Midnight,"Renown: Zul'jarra's Forces",true
decor,26196,Midnight,Reputation,true
decor,26197,Midnight,Reputation,true
decor,26198,"Battle for Azeroth","Dungeon Drop",true
decor,26201,Midnight,Quest,true
decor,26202,Midnight,Vendor,true
decor,26203,Midnight,Quest,true
decor,26204,Midnight,Vendor,true
decor,26205,Midnight,"Raid Drop",true
decor,26208,"Battle for Azeroth","Dungeon Drop",true
decor,26363,Profession,Leatherworking,true
decor,26364,Neighbourhoods,"Tortollan Endeavors",true
decor,26365,Neighbourhoods,"Tortollan Endeavors",true
decor,26366,Profession,Tailoring,true
decor,26367,Neighbourhoods,"Tortollan Endeavors",true
decor,26370,Neighbourhoods,"Tortollan Endeavors",true
decor,26371,Neighbourhoods,"Tortollan Endeavors",true
decor,26372,Profession,Engineering,true
decor,26373,Neighbourhoods,"Tortollan Endeavors",true
decor,26374,Midnight,"Raid Drop",true
decor,26375,Midnight,Treasure,true
decor,26376,Midnight,Treasure,true
decor,26377,Midnight,Quest,true
decor,26378,Profession,Leatherworking,true
decor,26379,Profession,Enchanting,true
decor,26380,Profession,Inscription,true
decor,26381,Profession,Blacksmithing,true
decor,26382,Profession,Blacksmithing,true
decor,26383,Profession,Engineering,true
decor,26384,Profession,Inscription,true
decor,26386,Neighbourhoods,"Tortollan Endeavors",true
decor,26387,Neighbourhoods,"Tortollan Endeavors",true
decor,26389,Neighbourhoods,"Tortollan Endeavors",true
decor,26391,Profession,Alchemy,true
decor,26477,Neighbourhoods,"Tortollan Endeavors",true
decor,26478,Neighbourhoods,"Tortollan Endeavors",true
decor,26481,Midnight,Quest,true
decor,26482,Neighbourhoods,"Tortollan Endeavors",true
decor,26483,Neighbourhoods,"Tortollan Endeavors",true
decor,26484,Midnight,Quest,true
decor,26485,Profession,Engineering,true
decor,26487,Midnight,"World Boss",true
decor,26488,Profession,Jewelcrafting,true
decor,26489,Profession,Jewelcrafting,true
decor,26490,Profession,Jewelcrafting,true
decor,26491,Neighbourhoods,"Tortollan Endeavors",true
decor,26492,Neighbourhoods,"Cursed Keepsake",true
decor,26494,Neighbourhoods,"Cursed Keepsake",true
decor,26495,Profession,Tailoring,true
decor,26496,Profession,Enchanting,true
decor,26564,Neighbourhoods,"Tortollan Endeavors",true
decor,26613,Neighbourhoods,"Kobold Endeavors",true
decor,26614,Neighbourhoods,"Kobold Endeavors",true
decor,26617,Neighbourhoods,"Kobold Endeavors",true
decor,26618,Neighbourhoods,"Kobold Endeavors",true
decor,26619,Neighbourhoods,"Kobold Endeavors",true
decor,26621,Neighbourhoods,"Kobold Endeavors",true
decor,26651,Midnight,Quest,true
decor,26703,Neighbourhoods,"Neighbourhood Vendor",true
decor,26704,Neighbourhoods,"Neighbourhood Vendor",true
decor,26705,Neighbourhoods,"Neighbourhood Vendor",true
decor,26706,Neighbourhoods,"Neighbourhood Vendor",true
decor,26707,Neighbourhoods,"Neighbourhood Vendor",true
decor,26708,Neighbourhoods,"Neighbourhood Vendor",true
decor,26785,Neighbourhoods,"Kobold Endeavors",true
decor,26786,Neighbourhoods,"Kobold Endeavors",true
decor,26787,Neighbourhoods,"Kobold Endeavors",true
decor,26788,Neighbourhoods,"Kobold Endeavors",true
decor,26789,Neighbourhoods,"Kobold Endeavors",true
decor,26871,Neighbourhoods,"Tortollan Endeavors",true
decor,26875,Neighbourhoods,"Neighbourhood Vendor",true
decor,26876,Neighbourhoods,"Neighbourhood Vendor",true
decor,26877,Neighbourhoods,"Neighbourhood Vendor",true
decor,26878,Neighbourhoods,,true
decor,26879,Neighbourhoods,,true
decor,26935,Neighbourhoods,"Neighbourhood Vendor",true
decor,26936,Neighbourhoods,"Kobold Endeavors",true
decor,26937,Neighbourhoods,"Kobold Endeavors",true
decor,26938,Neighbourhoods,"Kobold Endeavors",true
decor,26939,Neighbourhoods,"Kobold Endeavors",true
decor,26940,Neighbourhoods,"Neighbourhood Vendor",true
decor,27041,Midnight,Quest,true
decor,27042,Midnight,Quest,true
decor,27043,Midnight,"Raid Drop",true
decor,27044,Neighbourhoods,"Tortollan Endeavors",true
decor,27045,Neighbourhoods,"Neighbourhood Vendor",true
decor,27046,Neighbourhoods,,true
decor,27076,Neighbourhoods,,true
decor,27077,Neighbourhoods,,true
decor,27167,Neighbourhoods,"Kobold Endeavors",true
decor,27973,Neighbourhoods,"Neighbourhood Vendor",true
decor,28350,Neighbourhoods,,true
